row_number,timestamp,center_freq_hz,amplitude,distance_au,foam_score,spacecraft,source
175,1970-01-01 00:00:00.240951554,17.799999237060547,0.003182461252436,,0.2152731264873815,voyager2,vg2pws_lr_19770820_v5.30.cdf
7302,1970-01-01 00:00:00.242320263,17.799999237060547,0.0806223452091217,,0.2152731264865006,voyager1,vg1pws_lr_19770905_v5.30.cdf
2053925,1970-01-01 00:00:00.267086286,17.799999237060547,0.1414427161216735,3.3098116782462057,0.1572691182350708,voyager2,vg2pws_lr_19780619_v5.30.cdf
2052239,1970-01-01 00:00:00.267039266,17.799999237060547,0.1414427161216735,3.3059267115787723,0.1572674899076883,voyager2,vg2pws_lr_19780618_v5.30.cdf
2050034,1970-01-01 00:00:00.267000170,17.799999237060547,0.1414427161216735,3.302696455192963,0.1572661362323695,voyager2,vg2pws_lr_19780618_v5.30.cdf
2030990,1970-01-01 00:00:00.266687738,17.799999237060547,0.1414427161216735,3.2768821655289737,0.1572553262821816,voyager2,vg2pws_lr_19780614_v5.30.cdf
2029660,1970-01-01 00:00:00.266652562,17.799999237060547,0.1414427161216735,3.2739757940028853,0.1572541100849467,voyager2,vg2pws_lr_19780614_v5.30.cdf
2026499,1970-01-01 00:00:00.266603942,17.799999237060547,0.1414427161216735,3.2699586294638765,0.1572524293562738,voyager2,vg2pws_lr_19780613_v5.30.cdf
2024506,1970-01-01 00:00:00.266567666,17.799999237060547,0.1414427161216735,3.2669613718700137,0.1572511755623059,voyager2,vg2pws_lr_19780613_v5.30.cdf
2017841,1970-01-01 00:00:00.266507094,17.799999237060547,0.1414427161216735,3.261901333636008,0.1572490593037106,voyager2,vg2pws_lr_19780612_v5.30.cdf
2003306,1970-01-01 00:00:00.266222586,17.799999237060547,0.1414427161216735,3.2379661929499224,0.1572390561445924,voyager2,vg2pws_lr_19780609_v5.30.cdf
2001074,1970-01-01 00:00:00.266162942,17.799999237060547,0.1414427161216735,3.232948283395139,0.1572369605338931,voyager2,vg2pws_lr_19780608_v5.30.cdf
1981541,1970-01-01 00:00:00.265816803,17.799999237060547,0.1414427161216735,3.203828154618242,0.1572248095501947,voyager2,vg2pws_lr_19780604_v5.30.cdf
1939432,1970-01-01 00:00:00.265189591,17.799999237060547,0.1414427161216735,3.150309856187428,0.1572025239104035,voyager2,vg2pws_lr_19780528_v5.30.cdf
1801617,1970-01-01 00:00:00.263664764,17.799999237060547,0.1414427161216735,3.017433150756819,0.1571474495450457,voyager2,vg2pws_lr_19780510_v5.30.cdf
991084,1970-01-01 00:00:00.256191861,17.799999237060547,0.1414427161216735,2.302360679052426,0.1568573070206806,voyager2,vg2pws_lr_19780213_v5.30.cdf
987033,1970-01-01 00:00:00.256166293,17.799999237060547,0.1414427161216735,2.299733658109116,0.1568562603401012,voyager2,vg2pws_lr_19780212_v5.30.cdf
833173,1970-01-01 00:00:00.254608381,17.799999237060547,0.1414427161216735,2.137044308356592,0.156791712324222,voyager2,vg2pws_lr_19780125_v5.30.cdf
653159,1970-01-01 00:00:00.252772687,17.799999237060547,0.1414427161216735,1.9404817993281285,0.1567144367516719,voyager2,vg2pws_lr_19780104_v5.30.cdf
13295681,1970-01-01 00:00:00.287354448,17.78279410038923,15.0,5.125607467494604,0.1566628757301288,voyager1,vg1_pws_wf_1979-02-08T20_v1.0.cdf
11700641,1970-01-01 00:00:00.287211499,17.78279410038923,15.0,5.115351636148065,0.1566582213151189,voyager1,vg1_pws_wf_1979-02-07T04_v1.0.cdf
11375122,1970-01-01 00:00:00.287190105,17.78279410038923,15.0,5.113818263304927,0.156657525618951,voyager1,vg1_pws_wf_1979-02-06T23_v1.0.cdf
8901634,1970-01-01 00:00:00.286314797,17.78279410038923,15.0,5.051045444282914,0.1566290891489271,voyager1,vg1_pws_wf_1979-01-27T19_v1.0.cdf
8710484,1970-01-01 00:00:00.286228983,17.78279410038923,15.0,5.044864490909661,0.1566262937567692,voyager1,vg1_pws_wf_1979-01-26T20_v1.0.cdf
8109108,1970-01-01 00:00:00.285800177,17.78279410038923,15.0,5.013978914060353,0.1566123378674507,voyager1,vg1_pws_wf_1979-01-21T20_v1.0.cdf
8087620,1970-01-01 00:00:00.285800171,17.78279410038923,15.0,5.013978427877949,0.1566123376479279,voyager1,vg1_pws_wf_1979-01-21T20_v1.0.cdf
8062068,1970-01-01 00:00:00.285800163,17.78279410038923,15.0,5.013977883353618,0.1566123374020623,voyager1,vg1_pws_wf_1979-01-21T20_v1.0.cdf
7893805,1970-01-01 00:00:00.285714396,17.78279410038923,15.0,5.007800326702899,0.1566095485025167,voyager1,vg1_pws_wf_1979-01-20T21_v1.0.cdf
7810285,1970-01-01 00:00:00.285714308,17.78279410038923,15.0,5.007793995527149,0.1566095456446883,voyager1,vg1_pws_wf_1979-01-20T21_v1.0.cdf
7747421,1970-01-01 00:00:00.285628619,17.78279410038923,15.0,5.001622050574275,0.1566067601039112,voyager1,vg1_pws_wf_1979-01-19T21_v1.0.cdf
7725260,1970-01-01 00:00:00.285628589,17.78279410038923,15.0,5.0016199221756,0.1566067591434581,voyager1,vg1_pws_wf_1979-01-19T21_v1.0.cdf
7615896,1970-01-01 00:00:00.285542857,17.78279410038923,15.0,4.995439687386908,0.1566039706872145,voyager1,vg1_pws_wf_1979-01-18T21_v1.0.cdf
7607818,1970-01-01 00:00:00.285542853,17.78279410038923,15.0,4.995439471793714,0.1566039705899555,voyager1,vg1_pws_wf_1979-01-18T21_v1.0.cdf
7577728,1970-01-01 00:00:00.285542840,17.78279410038923,15.0,4.995438511423835,0.156603970156711,voyager1,vg1_pws_wf_1979-01-18T21_v1.0.cdf
7568423,1970-01-01 00:00:00.285542836,17.78279410038923,15.0,4.995438210899935,0.156603970021138,voyager1,vg1_pws_wf_1979-01-18T21_v1.0.cdf
7522818,1970-01-01 00:00:00.285542816,17.78279410038923,15.0,4.995436725702202,0.1566039693511318,voyager1,vg1_pws_wf_1979-01-18T21_v1.0.cdf
7468771,1970-01-01 00:00:00.285542793,17.78279410038923,15.0,4.9954350793538245,0.1566039686084271,voyager1,vg1_pws_wf_1979-01-18T21_v1.0.cdf
7221622,1970-01-01 00:00:00.285371302,17.78279410038923,15.0,4.982986488002353,0.1565983544451757,voyager1,vg1_pws_wf_1979-01-16T21_v1.0.cdf
7094843,1970-01-01 00:00:00.285371185,17.78279410038923,15.0,4.98297799058029,0.1565983506140861,voyager1,vg1_pws_wf_1979-01-16T21_v1.0.cdf
6716014,1970-01-01 00:00:00.285199629,17.78279410038923,15.0,4.970524725791792,0.1565927376978526,voyager1,vg1_pws_wf_1979-01-14T22_v1.0.cdf
6518758,1970-01-01 00:00:00.285028157,17.78279410038923,15.0,4.9580774997914485,0.1565871308529451,voyager1,vg1_pws_wf_1979-01-12T22_v1.0.cdf
6374540,1970-01-01 00:00:00.284942381,17.78279410038923,15.0,4.951850995845688,0.1565843273844866,voyager1,vg1_pws_wf_1979-01-11T22_v1.0.cdf
6355916,1970-01-01 00:00:00.284942361,17.78279410038923,15.0,4.951849499759406,0.156584326710978,voyager1,vg1_pws_wf_1979-01-11T22_v1.0.cdf
5999348,1970-01-01 00:00:00.284685053,17.78279410038923,15.0,4.933169461163456,0.1565759210941387,voyager1,vg1_pws_wf_1979-01-08T23_v1.0.cdf
5185596,1970-01-01 00:00:00.282431823,17.78279410038923,15.0,4.766599347233416,0.1565013008569247,voyager1,vg1_pws_wf_1978-12-13T21_v1.0.cdf
5161989,1970-01-01 00:00:00.282431709,17.78279410038923,15.0,4.766590789457329,0.1565012970385521,voyager1,vg1_pws_wf_1978-12-13T21_v1.0.cdf
129575,1970-01-01 00:00:00.247360148,17.799999237060547,0.1414427161216735,1.356939361952992,0.156489571325094,voyager2,vg2pws_lr_19771102_v5.30.cdf
9045045,1970-01-01 00:00:00.286400573,17.78279410038923,13.0,5.057223636211872,0.1357476329017901,voyager1,vg1_pws_wf_1979-01-28T19_v1.0.cdf
8135511,1970-01-01 00:00:00.285800185,17.78279410038923,13.0,5.013979614163024,0.1357306930910297,voyager1,vg1_pws_wf_1979-01-21T20_v1.0.cdf
8017516,1970-01-01 00:00:00.285800150,17.78279410038923,13.0,5.013976930436038,0.1357306920408324,voyager1,vg1_pws_wf_1979-01-21T20_v1.0.cdf
7624890,1970-01-01 00:00:00.285542860,17.78279410038923,13.0,4.995439961778289,0.1357234413681401,voyager1,vg1_pws_wf_1979-01-18T21_v1.0.cdf
7567329,1970-01-01 00:00:00.285542836,17.78279410038923,13.0,4.995438171701168,0.1357234406682685,voyager1,vg1_pws_wf_1979-01-18T21_v1.0.cdf
7440103,1970-01-01 00:00:00.285542781,17.78279410038923,13.0,4.995434177782207,0.1357234391067548,voyager1,vg1_pws_wf_1979-01-18T21_v1.0.cdf
6302766,1970-01-01 00:00:00.284942305,17.78279410038923,13.0,4.951845453575275,0.1357064149028118,voyager1,vg1_pws_wf_1979-01-11T22_v1.0.cdf
5720198,1970-01-01 00:00:00.284599208,17.78279410038923,13.0,4.926879654743499,0.1356966801756615,voyager1,vg1_pws_wf_1979-01-07T23_v1.0.cdf
5310714,1970-01-01 00:00:00.282472489,17.78279410038923,13.0,4.769642507750096,0.1356356376052724,voyager1,vg1_pws_wf_1978-12-14T08_v1.0.cdf
5310572,1970-01-01 00:00:00.282472484,17.78279410038923,13.0,4.769642164271681,0.1356356374724312,voyager1,vg1_pws_wf_1978-12-14T08_v1.0.cdf
444,1970-01-01 00:00:00.241004482,17.799999237060547,0.0040311170741915,,0.1151085007423221,voyager2,vg2pws_lr_19770821_v5.30.cdf
13761383,1970-01-01 00:00:00.287411662,17.78279410038923,11.0,5.129715945956785,0.1148874766759676,voyager1,vg1_pws_wf_1979-02-09T12_v1.0.cdf
10565816,1970-01-01 00:00:00.287075888,17.78279410038923,11.0,5.105631821367899,0.1148794623263492,voyager1,vg1_pws_wf_1979-02-05T15_v1.0.cdf
9115547,1970-01-01 00:00:00.286486265,17.78279410038923,11.0,5.063370984017743,0.1148654216983887,voyager1,vg1_pws_wf_1979-01-29T19_v1.0.cdf
8702240,1970-01-01 00:00:00.286228979,17.78279410038923,11.0,5.044864218647498,0.1148592819952288,voyager1,vg1_pws_wf_1979-01-26T20_v1.0.cdf
8665670,1970-01-01 00:00:00.286228937,17.78279410038923,11.0,5.044861189190704,0.114859280990638,voyager1,vg1_pws_wf_1979-01-26T20_v1.0.cdf
8028743,1970-01-01 00:00:00.285800153,17.78279410038923,11.0,5.01397716380357,0.1148490471871393,voyager1,vg1_pws_wf_1979-01-21T20_v1.0.cdf
7881213,1970-01-01 00:00:00.285714384,17.78279410038923,11.0,5.007799509916439,0.1148470019620227,voyager1,vg1_pws_wf_1979-01-20T21_v1.0.cdf
7742943,1970-01-01 00:00:00.285628614,17.78279410038923,11.0,5.001621681075695,0.1148449572844758,voyager1,vg1_pws_wf_1979-01-19T21_v1.0.cdf
7631540,1970-01-01 00:00:00.285542863,17.78279410038923,11.0,4.995440170838391,0.1148429119944435,voyager1,vg1_pws_wf_1979-01-18T21_v1.0.cdf
7549724,1970-01-01 00:00:00.285542828,17.78279410038923,11.0,4.99543759678596,0.1148429111428873,voyager1,vg1_pws_wf_1979-01-18T21_v1.0.cdf
7524842,1970-01-01 00:00:00.285542817,17.78279410038923,11.0,4.995436791033408,0.1148429108763257,voyager1,vg1_pws_wf_1979-01-18T21_v1.0.cdf
7516958,1970-01-01 00:00:00.285542813,17.78279410038923,11.0,4.995436542774541,0.1148429107941959,voyager1,vg1_pws_wf_1979-01-18T21_v1.0.cdf
7451889,1970-01-01 00:00:00.285542786,17.78279410038923,11.0,4.9954345501705175,0.1148429101349964,voyager1,vg1_pws_wf_1979-01-18T21_v1.0.cdf
7440967,1970-01-01 00:00:00.285542781,17.78279410038923,11.0,4.995434203914721,0.1148429100204469,voyager1,vg1_pws_wf_1979-01-18T21_v1.0.cdf
7247492,1970-01-01 00:00:00.285456953,17.78279410038923,11.0,4.989203943492912,0.1148408492141434,voyager1,vg1_pws_wf_1979-01-17T21_v1.0.cdf
6486474,1970-01-01 00:00:00.285028117,17.78279410038923,11.0,4.958074566416895,0.1148305616540184,voyager1,vg1_pws_wf_1979-01-12T22_v1.0.cdf
5850196,1970-01-01 00:00:00.284599288,17.78279410038923,11.0,4.926885514856034,0.1148202697716332,voyager1,vg1_pws_wf_1979-01-07T23_v1.0.cdf
5805702,1970-01-01 00:00:00.284599257,17.78279410038923,11.0,4.926883224444459,0.1148202690164002,voyager1,vg1_pws_wf_1979-01-07T23_v1.0.cdf
5608308,1970-01-01 00:00:00.284513465,17.78279410038923,11.0,4.920597238381109,0.1148181966081679,voyager1,vg1_pws_wf_1979-01-06T23_v1.0.cdf
5311563,1970-01-01 00:00:00.282472497,17.78279410038923,11.0,4.769643060009522,0.1147686166143534,voyager1,vg1_pws_wf_1978-12-14T08_v1.0.cdf
5310981,1970-01-01 00:00:00.282472492,17.78279410038923,11.0,4.769642777144978,0.1147686165217854,voyager1,vg1_pws_wf_1978-12-14T08_v1.0.cdf
5310657,1970-01-01 00:00:00.282472487,17.78279410038923,11.0,4.769642332643456,0.1147686163763212,voyager1,vg1_pws_wf_1978-12-14T08_v1.0.cdf
5189445,1970-01-01 00:00:00.282431830,17.78279410038923,11.0,4.76659985908361,0.1147676207931088,voyager1,vg1_pws_wf_1978-12-13T21_v1.0.cdf
4136680,1970-01-01 00:00:00.282371858,17.78279410038923,11.0,4.762112034913031,0.1147661525168273,voyager1,vg1_pws_wf_1978-12-13T04_v1.0.cdf
33747,1970-01-01 00:00:00.242515675,17.799999237060547,0.0577086247503757,1.010846391292693,0.1119203964497536,voyager1,vg1pws_lr_19770907_v5.30.cdf
4702,1970-01-01 00:00:00.241338522,17.799999237060547,0.0285714287310838,,0.1092592271624516,voyager2,vg2pws_lr_19770825_v5.30.cdf
4937,1970-01-01 00:00:00.241362910,17.799999237060547,0.0285714287310838,,0.1092592271624438,voyager2,vg2pws_lr_19770825_v5.30.cdf
203,1970-01-01 00:00:00.240952110,17.799999237060547,0.0017821781802922,,0.1027439632717663,voyager2,vg2pws_lr_19770820_v5.30.cdf
2121514,1970-01-01 00:00:00.270826643,17.799999237060547,0.089250348508358,3.606577484083501,0.0993158831533852,voyager2,vg2pws_lr_19780801_v5.30.cdf
2103971,1970-01-01 00:00:00.269069941,17.799999237060547,0.089250348508358,3.4701041862812483,0.099279373997345,voyager2,vg2pws_lr_19780712_v5.30.cdf
2087732,1970-01-01 00:00:00.267989270,17.799999237060547,0.089250348508358,3.383562329973156,0.0992563501119146,voyager2,vg2pws_lr_19780629_v5.30.cdf
1980935,1970-01-01 00:00:00.265794175,17.799999237060547,0.089250348508358,3.355556875664635,0.0992489206200456,voyager1,vg1pws_lr_19780604_v5.30.cdf
1960759,1970-01-01 00:00:00.265447175,17.799999237060547,0.089250348508358,3.3219505155366,0.0992400189250393,voyager1,vg1pws_lr_19780531_v5.30.cdf
2054355,1970-01-01 00:00:00.267100046,17.799999237060547,0.089250348508358,3.310948625483977,0.0992371079624906,voyager2,vg2pws_lr_19780619_v5.30.cdf
1927635,1970-01-01 00:00:00.265077074,17.799999237060547,0.089250348508358,3.2859371257757664,0.0992304961630043,voyager1,vg1pws_lr_19780527_v5.30.cdf
2033575,1970-01-01 00:00:00.266742294,17.799999237060547,0.089250348508358,3.2813897843714748,0.0992292949553707,voyager2,vg2pws_lr_19780615_v5.30.cdf
1920743,1970-01-01 00:00:00.265025034,17.799999237060547,0.089250348508358,3.280873259815324,0.0992291585300671,voyager1,vg1pws_lr_19780526_v5.30.cdf
2022490,1970-01-01 00:00:00.266543758,17.799999237060547,0.089250348508358,3.264985641009546,0.0992249639643035,voyager2,vg2pws_lr_19780612_v5.30.cdf
1985736,1970-01-01 00:00:00.265866927,17.799999237060547,0.089250348508358,3.2080449956506003,0.0992099580491791,voyager2,vg2pws_lr_19780605_v5.30.cdf
1857253,1970-01-01 00:00:00.264283250,17.799999237060547,0.089250348508358,3.207933941899657,0.0992099288245874,voyager1,vg1pws_lr_19780517_v5.30.cdf
1854351,1970-01-01 00:00:00.264268386,17.799999237060547,0.089250348508358,3.2064664083307104,0.0992095426416017,voyager1,vg1pws_lr_19780517_v5.30.cdf
1847590,1970-01-01 00:00:00.264185858,17.799999237060547,0.089250348508358,3.1983183583146046,0.0992073989879878,voyager1,vg1pws_lr_19780516_v5.30.cdf
1976066,1970-01-01 00:00:00.265730491,17.799999237060547,0.089250348508358,3.196568733908338,0.0992069387961074,voyager2,vg2pws_lr_19780603_v5.30.cdf
1773270,1970-01-01 00:00:00.263375878,17.799999237060547,0.089250348508358,3.1175122603088803,0.0991861870163469,voyager1,vg1pws_lr_19780507_v5.30.cdf
1760761,1970-01-01 00:00:00.263264078,17.799999237060547,0.089250348508358,3.106311898612234,0.099183253621426,voyager1,vg1pws_lr_19780506_v5.30.cdf
1742324,1970-01-01 00:00:00.263130710,17.799999237060547,0.089250348508358,3.092950808733753,0.0991797564757786,voyager1,vg1pws_lr_19780504_v5.30.cdf
1465849,1970-01-01 00:00:00.260532717,17.799999237060547,0.089250348508358,2.8251079269816946,0.0991101425989619,voyager1,vg1pws_lr_19780404_v5.30.cdf
1436502,1970-01-01 00:00:00.260273629,17.799999237060547,0.089250348508358,2.7976454925957874,0.099103057733958,voyager1,vg1pws_lr_19780401_v5.30.cdf
1354036,1970-01-01 00:00:00.259470765,17.799999237060547,0.089250348508358,2.7121218312016806,0.0990810566643132,voyager1,vg1pws_lr_19780323_v5.30.cdf
973844,1970-01-01 00:00:00.256046569,17.799999237060547,0.089250348508358,2.2873134172622964,0.0989731725570626,voyager2,vg2pws_lr_19780211_v5.30.cdf
290,1970-01-01 00:00:00.240955798,17.799999237060547,0.0017114568036049,,0.0986668184125223,voyager2,vg2pws_lr_19770820_v5.30.cdf
12666313,1970-01-01 00:00:00.287290290,17.78279410038923,9.0,5.121000321707181,0.0939964707449499,voyager1,vg1_pws_wf_1979-02-08T02_v1.0.cdf
12611544,1970-01-01 00:00:00.287290243,17.78279410038923,9.0,5.120996991198573,0.0939964698380344,voyager1,vg1_pws_wf_1979-02-08T02_v1.0.cdf
12109775,1970-01-01 00:00:00.287240105,17.78279410038923,9.0,5.11740201274336,0.0939954909901682,voyager1,vg1_pws_wf_1979-02-07T12_v1.0.cdf
12022157,1970-01-01 00:00:00.287232970,17.78279410038923,9.0,5.116890552285758,0.0939953517423694,voyager1,vg1_pws_wf_1979-02-07T10_v1.0.cdf
11311734,1970-01-01 00:00:00.287190059,17.78279410038923,9.0,5.113814977752561,0.0939945144728265,voyager1,vg1_pws_wf_1979-02-06T23_v1.0.cdf
11097894,1970-01-01 00:00:00.287154425,17.78279410038923,9.0,5.111260926684756,0.0939938192721829,voyager1,vg1_pws_wf_1979-02-06T13_v1.0.cdf
10124805,1970-01-01 00:00:00.287025737,17.78279410038923,9.0,5.102037301424224,0.0939913093517741,voyager1,vg1_pws_wf_1979-02-05T01_v1.0.cdf
9402998,1970-01-01 00:00:00.286961417,17.78279410038923,9.0,5.097427212203805,0.0939900552754497,voyager1,vg1_pws_wf_1979-02-04T07_v1.0.cdf
8726216,1970-01-01 00:00:00.286228992,17.78279410038923,9.0,5.044865113223181,0.093975776418728,voyager1,vg1_pws_wf_1979-01-26T20_v1.0.cdf
8715491,1970-01-01 00:00:00.286228985,17.78279410038923,9.0,5.0448646659353,0.0939757762973719,voyager1,vg1_pws_wf_1979-01-26T20_v1.0.cdf
8394491,1970-01-01 00:00:00.286057433,17.78279410038923,9.0,5.032508262701938,0.0939724248080963,voyager1,vg1_pws_wf_1979-01-24T20_v1.0.cdf
8344829,1970-01-01 00:00:00.286057380,17.78279410038923,9.0,5.032504429423511,0.0939724237686847,voyager1,vg1_pws_wf_1979-01-24T20_v1.0.cdf
7639144,1970-01-01 00:00:00.285542866,17.78279410038923,9.0,4.995440406031007,0.0939623826026705,voyager1,vg1_pws_wf_1979-01-18T21_v1.0.cdf
7596043,1970-01-01 00:00:00.285542849,17.78279410038923,9.0,4.995439112471626,0.0939623822525382,voyager1,vg1_pws_wf_1979-01-18T21_v1.0.cdf
7593717,1970-01-01 00:00:00.285542848,17.78279410038923,9.0,4.995439034074089,0.0939623822313181,voyager1,vg1_pws_wf_1979-01-18T21_v1.0.cdf
7554078,1970-01-01 00:00:00.285542830,17.78279410038923,9.0,4.995437740514708,0.0939623818811858,voyager1,vg1_pws_wf_1979-01-18T21_v1.0.cdf
7506965,1970-01-01 00:00:00.285542809,17.78279410038923,9.0,4.995436255316897,0.0939623814791821,voyager1,vg1_pws_wf_1979-01-18T21_v1.0.cdf
7501737,1970-01-01 00:00:00.285542807,17.78279410038923,9.0,4.995436098521893,0.0939623814367419,voyager1,vg1_pws_wf_1979-01-18T21_v1.0.cdf
7198927,1970-01-01 00:00:00.285371282,17.78279410038923,9.0,4.982985024581567,0.0939590122670566,voyager1,vg1_pws_wf_1979-01-16T21_v1.0.cdf
6401068,1970-01-01 00:00:00.284942417,17.78279410038923,9.0,4.951853598208413,0.0939505971294359,voyager1,vg1_pws_wf_1979-01-11T22_v1.0.cdf
6153163,1970-01-01 00:00:00.284856527,17.78279410038923,9.0,4.94561882724239,0.0939489133183665,voyager1,vg1_pws_wf_1979-01-10T22_v1.0.cdf
6108926,1970-01-01 00:00:00.284770861,17.78279410038923,9.0,4.939400319337394,0.0939472344012519,voyager1,vg1_pws_wf_1979-01-09T23_v1.0.cdf
6054263,1970-01-01 00:00:00.284770745,17.78279410038923,9.0,4.939391861114103,0.0939472321179816,voyager1,vg1_pws_wf_1979-01-09T22_v1.0.cdf
5967461,1970-01-01 00:00:00.284685017,17.78279410038923,9.0,4.933166830047702,0.0939455519422589,voyager1,vg1_pws_wf_1979-01-08T23_v1.0.cdf
5877145,1970-01-01 00:00:00.284599304,17.78279410038923,9.0,4.926886688637012,0.093943857400652,voyager1,vg1_pws_wf_1979-01-07T23_v1.0.cdf
5785362,1970-01-01 00:00:00.284599247,17.78279410038923,9.0,4.926882466102813,0.093943856261477,voyager1,vg1_pws_wf_1979-01-07T23_v1.0.cdf
5765943,1970-01-01 00:00:00.284599238,17.78279410038923,9.0,4.926881839646671,0.0939438560924687,voyager1,vg1_pws_wf_1979-01-07T23_v1.0.cdf
5763916,1970-01-01 00:00:00.284599237,17.78279410038923,9.0,4.9268817605153705,0.0939438560711203,voyager1,vg1_pws_wf_1979-01-07T23_v1.0.cdf
5708760,1970-01-01 00:00:00.284599199,17.78279410038923,9.0,4.926878982127431,0.0939438553215539,voyager1,vg1_pws_wf_1979-01-07T23_v1.0.cdf
5247652,1970-01-01 00:00:00.282464181,17.78279410038923,9.0,4.769020766908765,0.0939014287922358,voyager1,vg1_pws_wf_1978-12-14T06_v1.0.cdf
4574028,1970-01-01 00:00:00.282412245,17.78279410038923,9.0,4.765134303934704,0.0939003883133521,voyager1,vg1_pws_wf_1978-12-13T15_v1.0.cdf
4106039,1970-01-01 00:00:00.282371829,17.78279410038923,9.0,4.762109877509279,0.0938995787526135,voyager1,vg1_pws_wf_1978-12-13T04_v1.0.cdf
2951602,1970-01-01 00:00:00.275749789,17.78279410038923,9.0,4.242157589536939,0.0937621471091488,voyager1,vg1_pws_wf_1978-09-27T13_v1.0.cdf
2914481,1970-01-01 00:00:00.275749743,17.78279410038923,9.0,4.242153741193168,0.0937621461047615,voyager1,vg1_pws_wf_1978-09-27T13_v1.0.cdf
502,1970-01-01 00:00:00.241022023,17.799999237060547,0.0043422910384833,,0.0921741105489847,voyager2,vg2pws_lr_19770821_v5.30.cdf
1971233,1970-01-01 00:00:00.265603163,17.799999237060547,0.0806223452091217,3.337129268873321,0.0896499250419212,voyager1,vg1pws_lr_19780602_v5.30.cdf
110535,1970-01-01 00:00:00.243133044,17.799999237060547,0.0708627998828888,1.0208183960713302,0.0783379115932205,voyager1,vg1pws_lr_19770915_v5.30.cdf
538,1970-01-01 00:00:00.241027082,17.799999237060547,0.0036916548851877,,0.0732545971861606,voyager2,vg2pws_lr_19770821_v5.30.cdf
593,1970-01-01 00:00:00.241039190,17.799999237060547,0.0036916548851877,,0.073254597186158,voyager2,vg2pws_lr_19770821_v5.30.cdf
572,1970-01-01 00:00:00.241039150,17.799999237060547,0.0036916548851877,,0.073254597186158,voyager2,vg2pws_lr_19770821_v5.30.cdf
14290608,1970-01-01 00:00:00.287468778,17.78279410038923,7.0,5.133817362706678,0.073111081525301,voyager1,vg1_pws_wf_1979-02-10T04_v1.0.cdf
13467251,1970-01-01 00:00:00.287390226,17.78279410038923,7.0,5.128176617281537,0.0731098862833073,voyager1,vg1_pws_wf_1979-02-09T06_v1.0.cdf
13267828,1970-01-01 00:00:00.287347362,17.78279410038923,7.0,5.125098601833216,0.0731092342051563,voyager1,vg1_pws_wf_1979-02-08T18_v1.0.cdf
13219694,1970-01-01 00:00:00.287347314,17.78279410038923,7.0,5.125095154993816,0.0731092334749964,voyager1,vg1_pws_wf_1979-02-08T18_v1.0.cdf
12927695,1970-01-01 00:00:00.287318825,17.78279410038923,7.0,5.123049453153097,0.0731088001458155,voyager1,vg1_pws_wf_1979-02-08T10_v1.0.cdf
12211676,1970-01-01 00:00:00.287247257,17.78279410038923,7.0,5.117914614973439,0.0731077126494191,voyager1,vg1_pws_wf_1979-02-07T14_v1.0.cdf
11620935,1970-01-01 00:00:00.287204388,17.78279410038923,7.0,5.114841945330254,0.0731070620229451,voyager1,vg1_pws_wf_1979-02-07T02_v1.0.cdf
11579675,1970-01-01 00:00:00.287204355,17.78279410038923,7.0,5.114839588677457,0.0731070615239693,voyager1,vg1_pws_wf_1979-02-07T02_v1.0.cdf
11533836,1970-01-01 00:00:00.287197266,17.78279410038923,7.0,5.114331536407011,0.0731069539549934,voyager1,vg1_pws_wf_1979-02-07T01_v1.0.cdf
11065370,1970-01-01 00:00:00.287154388,17.78279410038923,7.0,5.111258234595938,0.0731063033061432,voyager1,vg1_pws_wf_1979-02-06T13_v1.0.cdf
10865990,1970-01-01 00:00:00.287132969,17.78279410038923,7.0,5.109723107092987,0.073105978340043,voyager1,vg1_pws_wf_1979-02-06T07_v1.0.cdf
10641349,1970-01-01 00:00:00.287111538,17.78279410038923,7.0,5.10818699700637,0.0731056531898187,voyager1,vg1_pws_wf_1979-02-06T01_v1.0.cdf
10337632,1970-01-01 00:00:00.287040114,17.78279410038923,7.0,5.103067726572811,0.0731045697602557,voyager1,vg1_pws_wf_1979-02-05T05_v1.0.cdf
9676827,1970-01-01 00:00:00.286982898,17.78279410038923,7.0,5.098966792762773,0.0731037020402325,voyager1,vg1_pws_wf_1979-02-04T13_v1.0.cdf
9422998,1970-01-01 00:00:00.286961441,17.78279410038923,7.0,5.0974289280878375,0.073103376686032,voyager1,vg1_pws_wf_1979-02-04T07_v1.0.cdf
9316391,1970-01-01 00:00:00.286954266,17.78279410038923,7.0,5.096914603523001,0.07310326787968,voyager1,vg1_pws_wf_1979-02-04T05_v1.0.cdf
9295829,1970-01-01 00:00:00.286947186,17.78279410038923,7.0,5.096407170447377,0.0731031605338588,voyager1,vg1_pws_wf_1979-02-04T03_v1.0.cdf
9135823,1970-01-01 00:00:00.286486289,17.78279410038923,7.0,5.063372719253845,0.0730961778071312,voyager1,vg1_pws_wf_1979-01-29T19_v1.0.cdf
9054558,1970-01-01 00:00:00.286400585,17.78279410038923,7.0,5.05722449405381,0.0730948794311221,voyager1,vg1_pws_wf_1979-01-28T19_v1.0.cdf
8969876,1970-01-01 00:00:00.286400489,17.78279410038923,7.0,5.057217572976737,0.0730948779697513,voyager1,vg1_pws_wf_1979-01-28T19_v1.0.cdf
8877435,1970-01-01 00:00:00.286314761,17.78279410038923,7.0,5.051042844827402,0.0730935743818897,voyager1,vg1_pws_wf_1979-01-27T19_v1.0.cdf
8798275,1970-01-01 00:00:00.286229057,17.78279410038923,7.0,5.044869841077222,0.073092271543265,voyager1,vg1_pws_wf_1979-01-26T20_v1.0.cdf
8761461,1970-01-01 00:00:00.286229021,17.78279410038923,7.0,5.04486725242584,0.0730922709969999,voyager1,vg1_pws_wf_1979-01-26T20_v1.0.cdf
8682780,1970-01-01 00:00:00.286228961,17.78279410038923,7.0,5.044862932965014,0.0730922700854946,voyager1,vg1_pws_wf_1979-01-26T20_v1.0.cdf
8417130,1970-01-01 00:00:00.286057458,17.78279410038923,7.0,5.032510025923578,0.0730896641091703,voyager1,vg1_pws_wf_1979-01-24T20_v1.0.cdf
8071130,1970-01-01 00:00:00.285800166,17.78279410038923,7.0,5.013978116721151,0.0730857574979004,voyager1,vg1_pws_wf_1979-01-21T20_v1.0.cdf
8051440,1970-01-01 00:00:00.285800160,17.78279410038923,7.0,5.013977669433348,0.0730857574036519,voyager1,vg1_pws_wf_1979-01-21T20_v1.0.cdf
7874798,1970-01-01 00:00:00.285714377,17.78279410038923,7.0,5.007798965392147,0.0730844556755145,voyager1,vg1_pws_wf_1979-01-20T21_v1.0.cdf
7816523,1970-01-01 00:00:00.285714316,17.78279410038923,7.0,5.007794540051553,0.0730844547433228,voyager1,vg1_pws_wf_1979-01-20T21_v1.0.cdf
7623210,1970-01-01 00:00:00.285542860,17.78279410038923,7.0,4.995439909513266,0.0730818530285615,voyager1,vg1_pws_wf_1979-01-18T21_v1.0.cdf
7541586,1970-01-01 00:00:00.285542824,17.78279410038923,7.0,4.995437361593271,0.0730818524921636,voyager1,vg1_pws_wf_1979-01-18T21_v1.0.cdf
7514328,1970-01-01 00:00:00.285542812,17.78279410038923,7.0,4.995436464376999,0.0730818523032782,voyager1,vg1_pws_wf_1979-01-18T21_v1.0.cdf
7417894,1970-01-01 00:00:00.285542771,17.78279410038923,7.0,4.995433511403132,0.0730818516816069,voyager1,vg1_pws_wf_1979-01-18T21_v1.0.cdf
7272729,1970-01-01 00:00:00.285456977,17.78279410038923,7.0,4.989205687838067,0.0730805407723205,voyager1,vg1_pws_wf_1979-01-17T21_v1.0.cdf
6913347,1970-01-01 00:00:00.285285404,17.78279410038923,7.0,4.976751194821468,0.0730779203706275,voyager1,vg1_pws_wf_1979-01-15T21_v1.0.cdf
6854106,1970-01-01 00:00:00.285199730,17.78279410038923,7.0,4.9705320472507815,0.0730766124595983,voyager1,vg1_pws_wf_1979-01-14T22_v1.0.cdf
6652867,1970-01-01 00:00:00.285113898,17.78279410038923,7.0,4.964301466633031,0.0730753025353547,voyager1,vg1_pws_wf_1979-01-13T22_v1.0.cdf
6551884,1970-01-01 00:00:00.285028194,17.78279410038923,7.0,4.9580801674853845,0.0730739949530812,voyager1,vg1_pws_wf_1979-01-12T22_v1.0.cdf
6317302,1970-01-01 00:00:00.284942321,17.78279410038923,7.0,4.951846629538421,0.0730726851899011,voyager1,vg1_pws_wf_1979-01-11T22_v1.0.cdf
6111788,1970-01-01 00:00:00.284770865,17.78279410038923,7.0,4.939400580662523,0.0730700712535215,voyager1,vg1_pws_wf_1979-01-09T23_v1.0.cdf
5947585,1970-01-01 00:00:00.284684993,17.78279410038923,7.0,4.933165073772453,0.0730687622508026,voyager1,vg1_pws_wf_1979-01-08T23_v1.0.cdf
5930075,1970-01-01 00:00:00.284684975,17.78279410038923,7.0,4.933163741728868,0.0730687619712123,voyager1,vg1_pws_wf_1979-01-08T23_v1.0.cdf
5800646,1970-01-01 00:00:00.284599253,17.78279410038923,7.0,4.926882934296349,0.0730674438548491,voyager1,vg1_pws_wf_1979-01-07T23_v1.0.cdf
5777545,1970-01-01 00:00:00.284599243,17.78279410038923,7.0,4.926882195737531,0.0730674436998755,voyager1,vg1_pws_wf_1979-01-07T23_v1.0.cdf
5715478,1970-01-01 00:00:00.284599205,17.78279410038923,7.0,4.926879417349518,0.0730674431168794,voyager1,vg1_pws_wf_1979-01-07T23_v1.0.cdf
5624944,1970-01-01 00:00:00.284513489,17.78279410038923,7.0,4.920599012241058,0.0730661254825942,voyager1,vg1_pws_wf_1979-01-06T23_v1.0.cdf
5348711,1970-01-01 00:00:00.282472545,17.78279410038923,7.0,4.769646638471016,0.0730345749505597,voyager1,vg1_pws_wf_1978-12-14T08_v1.0.cdf
5305916,1970-01-01 00:00:00.282464241,17.78279410038923,7.0,4.769025234373235,0.0730344455441928,voyager1,vg1_pws_wf_1978-12-14T06_v1.0.cdf
5260447,1970-01-01 00:00:00.282464193,17.78279410038923,7.0,4.76902164244207,0.0730344447961904,voyager1,vg1_pws_wf_1978-12-14T06_v1.0.cdf
5134334,1970-01-01 00:00:00.282431613,17.78279410038923,7.0,4.7665836190646695,0.0730339371194019,voyager1,vg1_pws_wf_1978-12-13T21_v1.0.cdf
4788785,1970-01-01 00:00:00.282430977,17.78279410038923,7.0,4.766536025976258,0.0730339272095465,voyager1,vg1_pws_wf_1978-12-13T21_v1.0.cdf
4654004,1970-01-01 00:00:00.282423261,17.78279410038923,7.0,4.765958636430635,0.0730338069870319,voyager1,vg1_pws_wf_1978-12-13T18_v1.0.cdf
4590015,1970-01-01 00:00:00.282412257,17.78279410038923,7.0,4.765135199672509,0.073033635539009,voyager1,vg1_pws_wf_1978-12-13T15_v1.0.cdf
4537613,1970-01-01 00:00:00.282412209,17.78279410038923,7.0,4.765131580801863,0.0730336347855378,voyager1,vg1_pws_wf_1978-12-13T15_v1.0.cdf
4179374,1970-01-01 00:00:00.282371889,17.78279410038923,7.0,4.762114358443456,0.0730330066269809,voyager1,vg1_pws_wf_1978-12-13T04_v1.0.cdf
4030931,1970-01-01 00:00:00.282362626,17.78279410038923,7.0,4.76142122347963,0.0730328623354177,voyager1,vg1_pws_wf_1978-12-13T02_v1.0.cdf
3990497,1970-01-01 00:00:00.282362585,17.78279410038923,7.0,4.76141819278775,0.0730328617045219,voyager1,vg1_pws_wf_1978-12-13T02_v1.0.cdf
3889641,1970-01-01 00:00:00.282337777,17.78279410038923,7.0,4.759561716541436,0.0730324752612228,voyager1,vg1_pws_wf_1978-12-12T19_v1.0.cdf
3887249,1970-01-01 00:00:00.282337775,17.78279410038923,7.0,4.7595615549046055,0.0730324752275781,voyager1,vg1_pws_wf_1978-12-12T19_v1.0.cdf
2944529,1970-01-01 00:00:00.275749776,17.78279410038923,7.0,4.242156517940252,0.0729261141983842,voyager1,vg1_pws_wf_1978-09-27T13_v1.0.cdf
555,1970-01-01 00:00:00.241031414,17.799999237060547,0.0033239035401493,,0.0659571967571684,voyager2,vg2pws_lr_19770821_v5.30.cdf
4696,1970-01-01 00:00:00.241338474,17.799999237060547,0.0169731248170137,,0.0649064655863164,voyager2,vg2pws_lr_19770825_v5.30.cdf
1234489,1970-01-01 00:00:00.258404952,17.799999237060547,0.0577086247503757,2.5967188609536294,0.0640459898311996,voyager1,vg1pws_lr_19780310_v5.30.cdf
2008498,1970-01-01 00:00:00.266315398,17.799999237060547,0.0562941990792751,3.2457741294284688,0.062582439735806,voyager2,vg2pws_lr_19780610_v5.30.cdf
1984841,1970-01-01 00:00:00.265839631,17.799999237060547,0.0562941990792751,3.20574863279234,0.0625757901033657,voyager2,vg2pws_lr_19780604_v5.30.cdf
933772,1970-01-01 00:00:00.255576601,17.799999237060547,0.0562941990792751,2.2385586499787795,0.0624191037272693,voyager2,vg2pws_lr_19780206_v5.30.cdf
430,1970-01-01 00:00:00.241004374,17.799999237060547,0.0021357850637286,,0.0609873040022673,voyager2,vg2pws_lr_19770821_v5.30.cdf
602,1970-01-01 00:00:00.241044346,17.799999237060547,0.0030551627278327,,0.0606244920762848,voyager2,vg2pws_lr_19770821_v5.30.cdf
329,1970-01-01 00:00:00.240959358,17.799999237060547,0.0014144270680844,,0.0578690874450974,voyager2,vg2pws_lr_19770820_v5.30.cdf
351,1970-01-01 00:00:00.240966454,17.799999237060547,0.0014144270680844,,0.0578690874450962,voyager2,vg2pws_lr_19770820_v5.30.cdf
5687,1970-01-01 00:00:00.241433082,17.799999237060547,0.0186704378575086,,0.0567186644975415,voyager2,vg2pws_lr_19770826_v5.30.cdf
62472,1970-01-01 00:00:00.242757784,17.799999237060547,0.0275813285261392,1.0147570276777325,0.0534918647301791,voyager1,vg1pws_lr_19770910_v5.30.cdf
618,1970-01-01 00:00:00.241048322,17.799999237060547,0.00420084875077,,0.0528397594105186,voyager2,vg2pws_lr_19770821_v5.30.cdf
14410733,1970-01-01 00:00:00.287475978,17.78279410038923,5.0,5.134334401685994,0.0522222793534822,voyager1,vg1_pws_wf_1979-02-10T06_v1.0.cdf
14164675,1970-01-01 00:00:00.287454522,17.78279410038923,5.0,5.132793677040788,0.0522220461314272,voyager1,vg1_pws_wf_1979-02-10T00_v1.0.cdf
14095173,1970-01-01 00:00:00.287447393,17.78279410038923,5.0,5.132281810474918,0.0522219686531331,voyager1,vg1_pws_wf_1979-02-09T22_v1.0.cdf
13840910,1970-01-01 00:00:00.287411729,17.78279410038923,5.0,5.129720801691717,0.0522215810364467,voyager1,vg1_pws_wf_1979-02-09T12_v1.0.cdf
13812207,1970-01-01 00:00:00.287411705,17.78279410038923,5.0,5.129719069654922,0.0522215807743136,voyager1,vg1_pws_wf_1979-02-09T12_v1.0.cdf
13446570,1970-01-01 00:00:00.287390201,17.78279410038923,5.0,5.128174885244742,0.0522213470801216,voyager1,vg1_pws_wf_1979-02-09T06_v1.0.cdf
12818860,1970-01-01 00:00:00.287304593,17.78279410038923,5.0,5.122027434823962,0.0522204169066306,voyager1,vg1_pws_wf_1979-02-08T06_v1.0.cdf
12782480,1970-01-01 00:00:00.287304545,17.78279410038923,5.0,5.122024013835858,0.0522204163890755,voyager1,vg1_pws_wf_1979-02-08T06_v1.0.cdf
12746354,1970-01-01 00:00:00.287297442,17.78279410038923,5.0,5.121513887995655,0.0522203392139988,voyager1,vg1_pws_wf_1979-02-08T04_v1.0.cdf
12708776,1970-01-01 00:00:00.287297394,17.78279410038923,5.0,5.121510441156255,0.0522203386925455,voyager1,vg1_pws_wf_1979-02-08T04_v1.0.cdf
12690143,1970-01-01 00:00:00.287297370,17.78279410038923,5.0,5.121508722045178,0.0522203384324706,voyager1,vg1_pws_wf_1979-02-08T04_v1.0.cdf
12637834,1970-01-01 00:00:00.287290265,17.78279410038923,5.0,5.1209985832075215,0.0522202612573287,voyager1,vg1_pws_wf_1979-02-08T02_v1.0.cdf
12399836,1970-01-01 00:00:00.287268761,17.78279410038923,5.0,5.119455913566736,0.0522200278896687,voyager1,vg1_pws_wf_1979-02-07T20_v1.0.cdf
12379040,1970-01-01 00:00:00.287261682,17.78279410038923,5.0,5.118948467661368,0.052219951129449,voyager1,vg1_pws_wf_1979-02-07T18_v1.0.cdf
12325185,1970-01-01 00:00:00.287261609,17.78279410038923,5.0,5.118943298506942,0.052219950347532,voyager1,vg1_pws_wf_1979-02-07T18_v1.0.cdf
12296933,1970-01-01 00:00:00.287247329,17.78279410038923,5.0,5.117919764775933,0.0522197955255524,voyager1,vg1_pws_wf_1979-02-07T14_v1.0.cdf
12185684,1970-01-01 00:00:00.287240178,17.78279410038923,5.0,5.11740718834851,0.0522197179949534,voyager1,vg1_pws_wf_1979-02-07T12_v1.0.cdf
12160340,1970-01-01 00:00:00.287240154,17.78279410038923,5.0,5.117405459563136,0.0522197177334663,voyager1,vg1_pws_wf_1979-02-07T12_v1.0.cdf
11922110,1970-01-01 00:00:00.287225825,17.78279410038923,5.0,5.116378498436094,0.0522195624044844,voyager1,vg1_pws_wf_1979-02-07T08_v1.0.cdf
11853378,1970-01-01 00:00:00.287218698,17.78279410038923,5.0,5.115867601338925,0.0522194851335862,voyager1,vg1_pws_wf_1979-02-07T06_v1.0.cdf
11807243,1970-01-01 00:00:00.287218650,17.78279410038923,5.0,5.115864173871262,0.0522194846152034,voyager1,vg1_pws_wf_1979-02-07T06_v1.0.cdf
11751986,1970-01-01 00:00:00.287211546,17.78279410038923,5.0,5.115354986207354,0.0522194076047398,voyager1,vg1_pws_wf_1979-02-07T04_v1.0.cdf
11636859,1970-01-01 00:00:00.287204398,17.78279410038923,5.0,5.114842719413218,0.0522193301304748,voyager1,vg1_pws_wf_1979-02-07T02_v1.0.cdf
11632369,1970-01-01 00:00:00.287204396,17.78279410038923,5.0,5.114842609751526,0.05221933011389,voyager1,vg1_pws_wf_1979-02-07T02_v1.0.cdf
11597415,1970-01-01 00:00:00.287204369,17.78279410038923,5.0,5.11484064014021,0.0522193298160134,voyager1,vg1_pws_wf_1979-02-07T02_v1.0.cdf
11584776,1970-01-01 00:00:00.287204359,17.78279410038923,5.0,5.114839872507902,0.0522193296999195,voyager1,vg1_pws_wf_1979-02-07T02_v1.0.cdf
11489787,1970-01-01 00:00:00.287197241,17.78279410038923,5.0,5.114329691509108,0.0522192525430027,voyager1,vg1_pws_wf_1979-02-07T01_v1.0.cdf
11455837,1970-01-01 00:00:00.287197217,17.78279410038923,5.0,5.114328063784538,0.0522192522968377,voyager1,vg1_pws_wf_1979-02-07T01_v1.0.cdf
11399232,1970-01-01 00:00:00.287190122,17.78279410038923,5.0,5.113819450232249,0.0522191753788521,voyager1,vg1_pws_wf_1979-02-06T23_v1.0.cdf
11388402,1970-01-01 00:00:00.287190113,17.78279410038923,5.0,5.11381886321928,0.0522191752900788,voyager1,vg1_pws_wf_1979-02-06T23_v1.0.cdf
11307615,1970-01-01 00:00:00.287190057,17.78279410038923,5.0,5.113814822935952,0.0522191746790714,voyager1,vg1_pws_wf_1979-02-06T23_v1.0.cdf
11077849,1970-01-01 00:00:00.287154401,17.78279410038923,5.0,5.111259228002501,0.052218788223046,voyager1,vg1_pws_wf_1979-02-06T13_v1.0.cdf
11056813,1970-01-01 00:00:00.287154377,17.78279410038923,5.0,5.111257492766364,0.0522187879606603,voyager1,vg1_pws_wf_1979-02-06T13_v1.0.cdf
11001385,1970-01-01 00:00:00.287147250,17.78279410038923,5.0,5.11074663222315,0.0522187107142065,voyager1,vg1_pws_wf_1979-02-06T11_v1.0.cdf
10905625,1970-01-01 00:00:00.287140074,17.78279410038923,5.0,5.1102322883062,0.0522186329429433,voyager1,vg1_pws_wf_1979-02-06T09_v1.0.cdf
10826191,1970-01-01 00:00:00.287132921,17.78279410038923,5.0,5.109719647371864,0.0522185554310824,voyager1,vg1_pws_wf_1979-02-06T07_v1.0.cdf
10748266,1970-01-01 00:00:00.287125769,17.78279410038923,5.0,5.109207038762798,0.0522184779260089,voyager1,vg1_pws_wf_1979-02-06T05_v1.0.cdf
10704943,1970-01-01 00:00:00.287118665,17.78279410038923,5.0,5.108697857549657,0.0522184009410294,voyager1,vg1_pws_wf_1979-02-06T03_v1.0.cdf
10662395,1970-01-01 00:00:00.287118617,17.78279410038923,5.0,5.10869442363123,0.052218400421849,voyager1,vg1_pws_wf_1979-02-06T03_v1.0.cdf
10439045,1970-01-01 00:00:00.287054345,17.78279410038923,5.0,5.1040877683292045,0.0522177040099999,voyager1,vg1_pws_wf_1979-02-05T09_v1.0.cdf
10163522,1970-01-01 00:00:00.287025785,17.78279410038923,5.0,5.102040767595968,0.0522173946035674,voyager1,vg1_pws_wf_1979-02-05T01_v1.0.cdf
10143454,1970-01-01 00:00:00.287025761,17.78279410038923,5.0,5.102039017308286,0.0522173943390225,voyager1,vg1_pws_wf_1979-02-05T01_v1.0.cdf
10104050,1970-01-01 00:00:00.287018658,17.78279410038923,5.0,5.101529868348528,0.0522173173853024,voyager1,vg1_pws_wf_1979-02-04T23_v1.0.cdf
10080722,1970-01-01 00:00:00.287018633,17.78279410038923,5.0,5.101528126661769,0.0522173171220638,voyager1,vg1_pws_wf_1979-02-04T23_v1.0.cdf
10058566,1970-01-01 00:00:00.287018610,17.78279410038923,5.0,5.101526440880937,0.0522173168672749,voyager1,vg1_pws_wf_1979-02-04T23_v1.0.cdf
9858671,1970-01-01 00:00:00.287004281,17.78279410038923,5.0,5.100499456029652,0.0522171616526029,voyager1,vg1_pws_wf_1979-02-04T19_v1.0.cdf
9703248,1970-01-01 00:00:00.286982922,17.78279410038923,5.0,5.098968504346301,0.0522169302844107,voyager1,vg1_pws_wf_1979-02-04T13_v1.0.cdf
9526148,1970-01-01 00:00:00.286968617,17.78279410038923,5.0,5.097943280534029,0.0522167753548442,voyager1,vg1_pws_wf_1979-02-04T09_v1.0.cdf
9486187,1970-01-01 00:00:00.286968569,17.78279410038923,5.0,5.09793982081294,0.0522167748320317,voyager1,vg1_pws_wf_1979-02-04T09_v1.0.cdf
9233750,1970-01-01 00:00:00.286947113,17.78279410038923,5.0,5.096401975490045,0.0522165424505133,voyager1,vg1_pws_wf_1979-02-04T03_v1.0.cdf
9032610,1970-01-01 00:00:00.286400562,17.78279410038923,5.0,5.05722279997815,0.0522106279066034,voyager1,vg1_pws_wf_1979-01-28T19_v1.0.cdf
8908881,1970-01-01 00:00:00.286314809,17.78279410038923,5.0,5.051046321572114,0.0522096965082879,voyager1,vg1_pws_wf_1979-01-27T19_v1.0.cdf
8891679,1970-01-01 00:00:00.286314785,17.78279410038923,5.0,5.051044575636884,0.052209696245044,voyager1,vg1_pws_wf_1979-01-27T19_v1.0.cdf
8435577,1970-01-01 00:00:00.286057481,17.78279410038923,5.0,5.032511719999277,0.0522069031873366,voyager1,vg1_pws_wf_1979-01-24T20_v1.0.cdf
8427629,1970-01-01 00:00:00.286057469,17.78279410038923,5.0,5.032510868639808,0.0522069030590865,voyager1,vg1_pws_wf_1979-01-24T20_v1.0.cdf
8404296,1970-01-01 00:00:00.286057444,17.78279410038923,5.0,5.032509040593909,0.0522069027837068,voyager1,vg1_pws_wf_1979-01-24T20_v1.0.cdf
8002949,1970-01-01 00:00:00.285800128,17.78279410038923,5.0,5.013975391938686,0.052204112085416,voyager1,vg1_pws_wf_1979-01-21T20_v1.0.cdf
7670745,1970-01-01 00:00:00.285628529,17.78279410038923,5.0,5.001615576785042,0.0522022523872309,voyager1,vg1_pws_wf_1979-01-19T21_v1.0.cdf
7614166,1970-01-01 00:00:00.285542856,17.78279410038923,5.0,4.995439648188136,0.0522013235495501,voyager1,vg1_pws_wf_1979-01-18T21_v1.0.cdf
7597715,1970-01-01 00:00:00.285542849,17.78279410038923,5.0,4.995439151670396,0.0522013234748867,voyager1,vg1_pws_wf_1979-01-18T21_v1.0.cdf
7588942,1970-01-01 00:00:00.285542845,17.78279410038923,5.0,4.99543887727901,0.0522013234336253,voyager1,vg1_pws_wf_1979-01-18T21_v1.0.cdf
7557619,1970-01-01 00:00:00.285542831,17.78279410038923,5.0,4.995437845044759,0.0522013232784039,voyager1,vg1_pws_wf_1979-01-18T21_v1.0.cdf
7532907,1970-01-01 00:00:00.285542821,17.78279410038923,5.0,4.995437074135633,0.0522013231624791,voyager1,vg1_pws_wf_1979-01-18T21_v1.0.cdf
7531103,1970-01-01 00:00:00.285542820,17.78279410038923,5.0,4.995437008804348,0.052201323152655,voyager1,vg1_pws_wf_1979-01-18T21_v1.0.cdf
7521410,1970-01-01 00:00:00.285542815,17.78279410038923,5.0,4.995436673437174,0.0522013231022244,voyager1,vg1_pws_wf_1979-01-18T21_v1.0.cdf
7504367,1970-01-01 00:00:00.285542808,17.78279410038923,5.0,4.9954361769194335,0.052201323027561,voyager1,vg1_pws_wf_1979-01-18T21_v1.0.cdf
7487118,1970-01-01 00:00:00.285542801,17.78279410038923,5.0,4.995435654269106,0.0522013229489679,voyager1,vg1_pws_wf_1979-01-18T21_v1.0.cdf
7403431,1970-01-01 00:00:00.285542753,17.78279410038923,5.0,4.995432176467204,0.0522013224259964,voyager1,vg1_pws_wf_1979-01-18T21_v1.0.cdf
7350640,1970-01-01 00:00:00.285457073,17.78279410038923,5.0,4.98921263037562,0.0522003873066267,voyager1,vg1_pws_wf_1979-01-17T21_v1.0.cdf
7299787,1970-01-01 00:00:00.285457008,17.78279410038923,5.0,4.989207930878816,0.0522003866001548,voyager1,vg1_pws_wf_1979-01-17T21_v1.0.cdf
7161022,1970-01-01 00:00:00.285371249,17.78279410038923,5.0,4.98298263781207,0.0521994508961417,voyager1,vg1_pws_wf_1979-01-16T21_v1.0.cdf
7140919,1970-01-01 00:00:00.285371228,17.78279410038923,5.0,4.982981148258914,0.0521994506722851,voyager1,vg1_pws_wf_1979-01-16T21_v1.0.cdf
7111581,1970-01-01 00:00:00.285371201,17.78279410038923,5.0,4.98297917307642,0.0521994503754461,voyager1,vg1_pws_wf_1979-01-16T21_v1.0.cdf
7091267,1970-01-01 00:00:00.285371182,17.78279410038923,5.0,4.982977755387606,0.0521994501623896,voyager1,vg1_pws_wf_1979-01-16T21_v1.0.cdf
6860667,1970-01-01 00:00:00.285199736,17.78279410038923,5.0,4.970532439238402,0.0521975803841762,voyager1,vg1_pws_wf_1979-01-14T22_v1.0.cdf
6838298,1970-01-01 00:00:00.285199721,17.78279410038923,5.0,4.970531361272284,0.0521975802222715,voyager1,vg1_pws_wf_1979-01-14T22_v1.0.cdf
6649576,1970-01-01 00:00:00.285113897,17.78279410038923,5.0,4.964301388235563,0.0521966446533565,voyager1,vg1_pws_wf_1979-01-13T22_v1.0.cdf
6461619,1970-01-01 00:00:00.285028097,17.78279410038923,5.0,4.958073133484038,0.0521957096219512,voyager1,vg1_pws_wf_1979-01-12T22_v1.0.cdf
6220403,1970-01-01 00:00:00.284856603,17.78279410038923,5.0,4.94562433684716,0.0521938415543112,voyager1,vg1_pws_wf_1979-01-10T22_v1.0.cdf
6210005,1970-01-01 00:00:00.284856593,17.78279410038923,5.0,4.945623611669896,0.0521938414455235,voyager1,vg1_pws_wf_1979-01-10T22_v1.0.cdf
6073740,1970-01-01 00:00:00.284770769,17.78279410038923,5.0,4.939393605459365,0.0521929069891728,voyager1,vg1_pws_wf_1979-01-09T22_v1.0.cdf
6007064,1970-01-01 00:00:00.284685065,17.78279410038923,5.0,4.933170333805907,0.0521919738219187,voyager1,vg1_pws_wf_1979-01-08T23_v1.0.cdf
5941008,1970-01-01 00:00:00.284684989,17.78279410038923,5.0,4.933164796812819,0.0521919729917818,voyager1,vg1_pws_wf_1979-01-08T23_v1.0.cdf
5893067,1970-01-01 00:00:00.284599319,17.78279410038923,5.0,4.926887717343866,0.0521910320387949,voyager1,vg1_pws_wf_1979-01-07T23_v1.0.cdf
5859163,1970-01-01 00:00:00.284599293,17.78279410038923,5.0,4.926885831381241,0.0521910317561261,voyager1,vg1_pws_wf_1979-01-07T23_v1.0.cdf
5835282,1970-01-01 00:00:00.284599277,17.78279410038923,5.0,4.926884688373469,0.0521910315848116,voyager1,vg1_pws_wf_1979-01-07T23_v1.0.cdf
5797707,1970-01-01 00:00:00.284599252,17.78279410038923,5.0,4.926882815599395,0.0521910313041195,voyager1,vg1_pws_wf_1979-01-07T23_v1.0.cdf
5667453,1970-01-01 00:00:00.284513537,17.78279410038923,5.0,4.920602529187814,0.0521900901544044,voyager1,vg1_pws_wf_1979-01-06T23_v1.0.cdf
5301298,1970-01-01 00:00:00.282464235,17.78279410038923,5.0,4.769024803341528,0.0521674610358994,voyager1,vg1_pws_wf_1978-12-14T06_v1.0.cdf
5222433,1970-01-01 00:00:00.282464157,17.78279410038923,5.0,4.769018948493598,0.0521674601650109,voyager1,vg1_pws_wf_1978-12-14T06_v1.0.cdf
5197780,1970-01-01 00:00:00.282431892,17.78279410038923,5.0,4.766604483695032,0.0521671010426278,voyager1,vg1_pws_wf_1978-12-13T21_v1.0.cdf
5177123,1970-01-01 00:00:00.282431809,17.78279410038923,5.0,4.766598296593537,0.0521671001224251,voyager1,vg1_pws_wf_1978-12-13T21_v1.0.cdf
5142953,1970-01-01 00:00:00.282431619,17.78279410038923,5.0,4.766584050096337,0.0521670980035559,voyager1,vg1_pws_wf_1978-12-13T21_v1.0.cdf
4803746,1970-01-01 00:00:00.282431037,17.78279410038923,5.0,4.766540502420517,0.0521670915267566,voyager1,vg1_pws_wf_1978-12-13T21_v1.0.cdf
4699719,1970-01-01 00:00:00.282430839,17.78279410038923,5.0,4.766525690194228,0.0521670893237533,voyager1,vg1_pws_wf_1978-12-13T21_v1.0.cdf
4428295,1970-01-01 00:00:00.282399429,17.78279410038923,5.0,4.764175224554855,0.0521667397619341,voyager1,vg1_pws_wf_1978-12-13T12_v1.0.cdf
4331168,1970-01-01 00:00:00.282387639,17.78279410038923,5.0,4.763292978903291,0.0521666085643677,voyager1,vg1_pws_wf_1978-12-13T09_v1.0.cdf
4323672,1970-01-01 00:00:00.282387633,17.78279410038923,5.0,4.76329249848242,0.0521666084929265,voyager1,vg1_pws_wf_1978-12-13T09_v1.0.cdf
4228001,1970-01-01 00:00:00.282380193,17.78279410038923,5.0,4.762735762541272,0.0521665257043447,voyager1,vg1_pws_wf_1978-12-13T06_v1.0.cdf
4165295,1970-01-01 00:00:00.282371880,17.78279410038923,5.0,4.762113678221523,0.0521664332008584,voyager1,vg1_pws_wf_1978-12-13T04_v1.0.cdf
4077721,1970-01-01 00:00:00.282371799,17.78279410038923,5.0,4.762107641532182,0.0521664323032207,voyager1,vg1_pws_wf_1978-12-13T04_v1.0.cdf
3884841,1970-01-01 00:00:00.282337774,17.78279410038923,5.0,4.759561433676852,0.0521660537129794,voyager1,vg1_pws_wf_1978-12-12T19_v1.0.cdf
2920168,1970-01-01 00:00:00.275749747,17.78279410038923,5.0,4.242154082718209,0.0520900812142013,voyager1,vg1_pws_wf_1978-09-27T13_v1.0.cdf
2910538,1970-01-01 00:00:00.275749740,17.78279410038923,5.0,4.242153570430648,0.0520900811399219,voyager1,vg1_pws_wf_1978-09-27T13_v1.0.cdf
7478,1970-01-01 00:00:00.242327371,17.799999237060547,0.0189533233642578,,0.050608066568704,voyager1,vg1pws_lr_19770905_v5.30.cdf
2113283,1970-01-01 00:00:00.270408323,17.799999237060547,0.0446958988904953,3.574409056240323,0.0497323211046951,voyager2,vg2pws_lr_19780727_v5.30.cdf
2103570,1970-01-01 00:00:00.268880821,17.799999237060547,0.0446958988904953,3.455030688027372,0.0497163465346873,voyager2,vg2pws_lr_19780710_v5.30.cdf
1268109,1970-01-01 00:00:00.258680840,17.799999237060547,0.0446958988904953,2.6268705530553627,0.0496081068667554,voyager1,vg1pws_lr_19780313_v5.30.cdf
1314829,1970-01-01 00:00:00.259152875,17.799999237060547,0.0446958988904953,2.598550483914796,0.0496044844851775,voyager2,vg2pws_lr_19780319_v5.30.cdf
897745,1970-01-01 00:00:00.255204973,17.799999237060547,0.0446958988904953,2.199842885444372,0.0495540343331736,voyager2,vg2pws_lr_19780201_v5.30.cdf
385800,1970-01-01 00:00:00.250414096,17.799999237060547,0.0446958988904953,1.6828930679119158,0.0494901318507412,voyager2,vg2pws_lr_19771208_v5.30.cdf
5960,1970-01-01 00:00:00.241539354,17.799999237060547,0.0162659119814634,,0.049413988260975,voyager2,vg2pws_lr_19770827_v5.30.cdf
4708,1970-01-01 00:00:00.241338582,17.799999237060547,0.0118811875581741,,0.0454345254754887,voyager2,vg2pws_lr_19770825_v5.30.cdf
5226,1970-01-01 00:00:00.241397286,17.799999237060547,0.0148514844477176,,0.0451171182222878,voyager2,vg2pws_lr_19770825_v5.30.cdf
626,1970-01-01 00:00:00.241051506,17.799999237060547,0.0034229136072099,,0.0430546140633277,voyager2,vg2pws_lr_19770821_v5.30.cdf
377,1970-01-01 00:00:00.240982610,17.799999237060547,0.0010198019444942,,0.041723601795214,voyager2,vg2pws_lr_19770821_v5.30.cdf
5211,1970-01-01 00:00:00.241397098,17.799999237060547,0.0133804809302091,,0.0406483767771339,voyager2,vg2pws_lr_19770825_v5.30.cdf
362,1970-01-01 00:00:00.240975138,17.799999237060547,0.0009773691417649,,0.0399875283254944,voyager2,vg2pws_lr_19770821_v5.30.cdf
2047133,1970-01-01 00:00:00.266954390,17.799999237060547,0.0355021171271801,3.2989139419214446,0.0394733964336012,voyager2,vg2pws_lr_19780617_v5.30.cdf
1956753,1970-01-01 00:00:00.265402859,17.799999237060547,0.0355021171271801,3.1685788486354416,0.0394597353173467,voyager2,vg2pws_lr_19780530_v5.30.cdf
1350993,1970-01-01 00:00:00.259454305,17.799999237060547,0.0355021171271801,2.7103482114788267,0.0394124069552559,voyager1,vg1pws_lr_19780322_v5.30.cdf
1020353,1970-01-01 00:00:00.256454217,17.799999237060547,0.0355021171271801,2.3291572074136875,0.039373859917402,voyager2,vg2pws_lr_19780216_v5.30.cdf
86256,1970-01-01 00:00:00.242937896,17.799999237060547,0.0195190943777561,1.0176663416235592,0.0378560439432453,voyager1,vg1pws_lr_19770912_v5.30.cdf
7488,1970-01-01 00:00:00.242327383,17.799999237060547,0.0135926445946097,,0.0362942917690206,voyager1,vg1pws_lr_19770905_v5.30.cdf
4689,1970-01-01 00:00:00.241338450,17.799999237060547,0.0092644970864057,,0.0354281099277725,voyager2,vg2pws_lr_19770825_v5.30.cdf
556,1970-01-01 00:00:00.241034310,17.799999237060547,0.0017821781802922,,0.0353642772364159,voyager2,vg2pws_lr_19770821_v5.30.cdf
2103599,1970-01-01 00:00:00.268913759,17.799999237060547,0.0299858544021844,3.6486807888460735,0.0333714190957768,voyager1,vg1pws_lr_19780710_v5.30.cdf
2041040,1970-01-01 00:00:00.266822627,17.799999237060547,0.0299858544021844,3.453817956979192,0.0333538937048695,voyager1,vg1pws_lr_19780616_v5.30.cdf
2045667,1970-01-01 00:00:00.266914950,17.799999237060547,0.0292786415666341,3.2956552629577187,0.0325534779359769,voyager2,vg2pws_lr_19780617_v5.30.cdf
1646221,1970-01-01 00:00:00.262158141,17.799999237060547,0.0292786415666341,2.882007279803906,0.0325179791448996,voyager2,vg2pws_lr_19780423_v5.30.cdf
2103228,1970-01-01 00:00:00.268737109,17.799999237060547,0.0285714287310838,3.4435763596983646,0.0317797251634722,voyager2,vg2pws_lr_19780708_v5.30.cdf
2066356,1970-01-01 00:00:00.267343974,17.799999237060547,0.0285714287310838,3.3311028722304044,0.0317701648355411,voyager2,vg2pws_lr_19780622_v5.30.cdf
2022518,1970-01-01 00:00:00.266543874,17.799999237060547,0.0285714287310838,3.264995399886533,0.0317645705563758,voyager2,vg2pws_lr_19780612_v5.30.cdf
1436903,1970-01-01 00:00:00.260280343,17.799999237060547,0.0285714287310838,2.706945629047937,0.0317180758465579,voyager2,vg2pws_lr_19780401_v5.30.cdf
1143513,1970-01-01 00:00:00.257599884,17.799999237060547,0.0285714287310838,2.445248036832376,0.0316967177820301,voyager2,vg2pws_lr_19780301_v5.30.cdf
2008184,1970-01-01 00:00:00.266309970,17.799999237060547,0.0282885432243347,3.2453174817087063,0.031448424547118,voyager2,vg2pws_lr_19780610_v5.30.cdf
1404305,1970-01-01 00:00:00.260014499,17.799999237060547,0.0282885432243347,2.681578303369494,0.0314019733186968,voyager2,vg2pws_lr_19780329_v5.30.cdf
1295721,1970-01-01 00:00:00.258932752,17.799999237060547,0.0282885432243347,2.577173675444235,0.0313935141351425,voyager2,vg2pws_lr_19780316_v5.30.cdf
973957,1970-01-01 00:00:00.256048093,17.799999237060547,0.0282885432243347,2.2874715179084246,0.0313702744330767,voyager2,vg2pws_lr_19780211_v5.30.cdf
14415823,1970-01-01 00:00:00.287475983,17.78279410038923,3.0,5.1343347894554245,0.0313333676431312,voyager1,vg1_pws_wf_1979-02-10T06_v1.0.cdf
14389254,1970-01-01 00:00:00.287475953,17.78279410038923,3.0,5.134332661032095,0.0313333674498143,voyager1,vg1_pws_wf_1979-02-10T06_v1.0.cdf
14369490,1970-01-01 00:00:00.287475930,17.78279410038923,3.0,5.134330954846593,0.0313333672948477,voyager1,vg1_pws_wf_1979-02-10T06_v1.0.cdf
14361401,1970-01-01 00:00:00.287468866,17.78279410038923,3.0,5.133823743668113,0.0313333212272773,voyager1,vg1_pws_wf_1979-02-10T04_v1.0.cdf
14359806,1970-01-01 00:00:00.287468864,17.78279410038923,3.0,5.133823601486064,0.0313333212143637,voyager1,vg1_pws_wf_1979-02-10T04_v1.0.cdf
14324158,1970-01-01 00:00:00.287468821,17.78279410038923,3.0,5.133820499330532,0.0313333209326132,voyager1,vg1_pws_wf_1979-02-10T04_v1.0.cdf
14315625,1970-01-01 00:00:00.287468809,17.78279410038923,3.0,5.133819611769385,0.0313333208520012,voyager1,vg1_pws_wf_1979-02-10T04_v1.0.cdf
14255085,1970-01-01 00:00:00.287461678,17.78279410038923,3.0,5.133307527693588,0.0313332743429908,voyager1,vg1_pws_wf_1979-02-10T02_v1.0.cdf
14253866,1970-01-01 00:00:00.287461676,17.78279410038923,3.0,5.133307411362831,0.0313332743324254,voyager1,vg1_pws_wf_1979-02-10T02_v1.0.cdf
14241339,1970-01-01 00:00:00.287461662,17.78279410038923,3.0,5.133306433322078,0.0313332742435979,voyager1,vg1_pws_wf_1979-02-10T02_v1.0.cdf
14235510,1970-01-01 00:00:00.287461655,17.78279410038923,3.0,5.133305929221886,0.0313332741978146,voyager1,vg1_pws_wf_1979-02-10T02_v1.0.cdf
14230484,1970-01-01 00:00:00.287461650,17.78279410038923,3.0,5.133305541452383,0.0313332741625966,voyager1,vg1_pws_wf_1979-02-10T02_v1.0.cdf
14223962,1970-01-01 00:00:00.287461644,17.78279410038923,3.0,5.133305114906007,0.0313332741238569,voyager1,vg1_pws_wf_1979-02-10T02_v1.0.cdf
14194496,1970-01-01 00:00:00.287454554,17.78279410038923,3.0,5.132795997194555,0.0313332278853941,voyager1,vg1_pws_wf_1979-02-10T00_v1.0.cdf
14179605,1970-01-01 00:00:00.287454539,17.78279410038923,3.0,5.13279491790297,0.0313332277873732,voyager1,vg1_pws_wf_1979-02-10T00_v1.0.cdf
14154162,1970-01-01 00:00:00.287454511,17.78279410038923,3.0,5.132792931661768,0.0313332276069835,voyager1,vg1_pws_wf_1979-02-10T00_v1.0.cdf
14151352,1970-01-01 00:00:00.287454508,17.78279410038923,3.0,5.1327926990001815,0.0313332275858533,voyager1,vg1_pws_wf_1979-02-10T00_v1.0.cdf
14069913,1970-01-01 00:00:00.287447365,17.78279410038923,3.0,5.132279774685395,0.0313331810028169,voyager1,vg1_pws_wf_1979-02-09T22_v1.0.cdf
14065406,1970-01-01 00:00:00.287447359,17.78279410038923,3.0,5.132279352447642,0.0313331809644704,voyager1,vg1_pws_wf_1979-02-09T22_v1.0.cdf
14059268,1970-01-01 00:00:00.287447352,17.78279410038923,3.0,5.132278822496085,0.0313331809163415,voyager1,vg1_pws_wf_1979-02-09T22_v1.0.cdf
14032012,1970-01-01 00:00:00.287447322,17.78279410038923,3.0,5.132276676838486,0.0313331807214785,voyager1,vg1_pws_wf_1979-02-09T22_v1.0.cdf
14025699,1970-01-01 00:00:00.287447316,17.78279410038923,3.0,5.132276250292184,0.0313331806827406,voyager1,vg1_pws_wf_1979-02-09T22_v1.0.cdf
13988417,1970-01-01 00:00:00.287440218,17.78279410038923,3.0,5.131766518612468,0.0313331343907938,voyager1,vg1_pws_wf_1979-02-09T20_v1.0.cdf
13976758,1970-01-01 00:00:00.287440205,17.78279410038923,3.0,5.131765579348728,0.0313331343054944,voyager1,vg1_pws_wf_1979-02-09T20_v1.0.cdf
13950945,1970-01-01 00:00:00.287440173,17.78279410038923,3.0,5.13176326565771,0.0313331340953761,voyager1,vg1_pws_wf_1979-02-09T20_v1.0.cdf
13929758,1970-01-01 00:00:00.287418884,17.78279410038923,3.0,5.130234574790632,0.0313329952721067,voyager1,vg1_pws_wf_1979-02-09T14_v1.0.cdf
13929007,1970-01-01 00:00:00.287418883,17.78279410038923,3.0,5.130234497236746,0.0313329952650641,voyager1,vg1_pws_wf_1979-02-09T14_v1.0.cdf
13922529,1970-01-01 00:00:00.287418876,17.78279410038923,3.0,5.130233954359613,0.0313329952157662,voyager1,vg1_pws_wf_1979-02-09T14_v1.0.cdf
13879631,1970-01-01 00:00:00.287418823,17.78279410038923,3.0,5.13023018437902,0.0313329948734198,voyager1,vg1_pws_wf_1979-02-09T14_v1.0.cdf
13846369,1970-01-01 00:00:00.287411733,17.78279410038923,3.0,5.129721047279025,0.0313329486399912,voyager1,vg1_pws_wf_1979-02-09T12_v1.0.cdf
13836144,1970-01-01 00:00:00.287411726,17.78279410038923,3.0,5.129720543178837,0.0313329485942157,voyager1,vg1_pws_wf_1979-02-09T12_v1.0.cdf
13833850,1970-01-01 00:00:00.287411724,17.78279410038923,3.0,5.129720388070989,0.0313329485801309,voyager1,vg1_pws_wf_1979-02-09T12_v1.0.cdf
13819632,1970-01-01 00:00:00.287411711,17.78279410038923,3.0,5.129719483275649,0.0313329484979698,voyager1,vg1_pws_wf_1979-02-09T12_v1.0.cdf
13804647,1970-01-01 00:00:00.287411699,17.78279410038923,3.0,5.129718608640151,0.0313329484185474,voyager1,vg1_pws_wf_1979-02-09T12_v1.0.cdf
13803582,1970-01-01 00:00:00.287411698,17.78279410038923,3.0,5.129718544011914,0.0313329484126787,voyager1,vg1_pws_wf_1979-02-09T12_v1.0.cdf
13787878,1970-01-01 00:00:00.287411684,17.78279410038923,3.0,5.129717535811461,0.0313329483211277,voyager1,vg1_pws_wf_1979-02-09T12_v1.0.cdf
13786048,1970-01-01 00:00:00.287411683,17.78279410038923,3.0,5.129717419480631,0.0313329483105642,voyager1,vg1_pws_wf_1979-02-09T12_v1.0.cdf
13785177,1970-01-01 00:00:00.287411682,17.78279410038923,3.0,5.129717380703614,0.031332948307043,voyager1,vg1_pws_wf_1979-02-09T12_v1.0.cdf
13773191,1970-01-01 00:00:00.287411673,17.78279410038923,3.0,5.129716721495578,0.0313329482471827,voyager1,vg1_pws_wf_1979-02-09T12_v1.0.cdf
13767095,1970-01-01 00:00:00.287411667,17.78279410038923,3.0,5.129716333726147,0.0313329482119708,voyager1,vg1_pws_wf_1979-02-09T12_v1.0.cdf
13765345,1970-01-01 00:00:00.287411666,17.78279410038923,3.0,5.12971621739539,0.0313329482014073,voyager1,vg1_pws_wf_1979-02-09T12_v1.0.cdf
13754397,1970-01-01 00:00:00.287411657,17.78279410038923,3.0,5.129715622815591,0.0313329481474157,voyager1,vg1_pws_wf_1979-02-09T12_v1.0.cdf
13749954,1970-01-01 00:00:00.287411654,17.78279410038923,3.0,5.129715390153935,0.0313329481262885,voyager1,vg1_pws_wf_1979-02-09T12_v1.0.cdf
13721970,1970-01-01 00:00:00.287404578,17.78279410038923,3.0,5.129207235403243,0.0313329019831987,voyager1,vg1_pws_wf_1979-02-09T10_v1.0.cdf
13711258,1970-01-01 00:00:00.287404571,17.78279410038923,3.0,5.129206757154274,0.0313329019397718,voyager1,vg1_pws_wf_1979-02-09T10_v1.0.cdf
13705097,1970-01-01 00:00:00.287404566,17.78279410038923,3.0,5.129206421087364,0.0313329019092555,voyager1,vg1_pws_wf_1979-02-09T10_v1.0.cdf
13702667,1970-01-01 00:00:00.287404565,17.78279410038923,3.0,5.129206291830958,0.0313329018975185,voyager1,vg1_pws_wf_1979-02-09T10_v1.0.cdf
13697769,1970-01-01 00:00:00.287404561,17.78279410038923,3.0,5.129206020392281,0.0313329018728708,voyager1,vg1_pws_wf_1979-02-09T10_v1.0.cdf
13696385,1970-01-01 00:00:00.287404560,17.78279410038923,3.0,5.129205949301294,0.0313329018664154,voyager1,vg1_pws_wf_1979-02-09T10_v1.0.cdf
13692062,1970-01-01 00:00:00.287404557,17.78279410038923,3.0,5.129205710176735,0.0313329018447019,voyager1,vg1_pws_wf_1979-02-09T10_v1.0.cdf
13681682,1970-01-01 00:00:00.287404550,17.78279410038923,3.0,5.129205244853488,0.0313329018024487,voyager1,vg1_pws_wf_1979-02-09T10_v1.0.cdf
13658573,1970-01-01 00:00:00.287404533,17.78279410038923,3.0,5.129203995374134,0.0313329016889909,voyager1,vg1_pws_wf_1979-02-09T10_v1.0.cdf
13651893,1970-01-01 00:00:00.287404529,17.78279410038923,3.0,5.129203723935533,0.0313329016643431,voyager1,vg1_pws_wf_1979-02-09T10_v1.0.cdf
13650581,1970-01-01 00:00:00.287404528,17.78279410038923,3.0,5.129203659307292,0.0313329016584746,voyager1,vg1_pws_wf_1979-02-09T10_v1.0.cdf
13648773,1970-01-01 00:00:00.287404527,17.78279410038923,3.0,5.129203568827759,0.0313329016502587,voyager1,vg1_pws_wf_1979-02-09T10_v1.0.cdf
13642938,1970-01-01 00:00:00.287404522,17.78279410038923,3.0,5.129203232760917,0.0313329016197425,voyager1,vg1_pws_wf_1979-02-09T10_v1.0.cdf
13642033,1970-01-01 00:00:00.287404521,17.78279410038923,3.0,5.129203181058328,0.0313329016150477,voyager1,vg1_pws_wf_1979-02-09T10_v1.0.cdf
13639427,1970-01-01 00:00:00.287404519,17.78279410038923,3.0,5.129203038876274,0.031332901602137,voyager1,vg1_pws_wf_1979-02-09T10_v1.0.cdf
13634136,1970-01-01 00:00:00.287404515,17.78279410038923,3.0,5.129202754511952,0.0313329015763155,voyager1,vg1_pws_wf_1979-02-09T10_v1.0.cdf
13626381,1970-01-01 00:00:00.287404510,17.78279410038923,3.0,5.1292023538168685,0.0313329015399308,voyager1,vg1_pws_wf_1979-02-09T10_v1.0.cdf
13612192,1970-01-01 00:00:00.287404500,17.78279410038923,3.0,5.129201681683189,0.0313329014788983,voyager1,vg1_pws_wf_1979-02-09T10_v1.0.cdf
13593611,1970-01-01 00:00:00.287397426,17.78279410038923,3.0,5.128693656260784,0.0313328553486847,voyager1,vg1_pws_wf_1979-02-09T08_v1.0.cdf
13580917,1970-01-01 00:00:00.287397411,17.78279410038923,3.0,5.128692609283317,0.0313328552536172,voyager1,vg1_pws_wf_1979-02-09T08_v1.0.cdf
13572263,1970-01-01 00:00:00.287397401,17.78279410038923,3.0,5.128691911298337,0.0313328551902389,voyager1,vg1_pws_wf_1979-02-09T08_v1.0.cdf
13567479,1970-01-01 00:00:00.287397398,17.78279410038923,3.0,5.128691639859804,0.0313328551655918,voyager1,vg1_pws_wf_1979-02-09T08_v1.0.cdf
13563079,1970-01-01 00:00:00.287397393,17.78279410038923,3.0,5.128691308101512,0.0313328551354675,voyager1,vg1_pws_wf_1979-02-09T08_v1.0.cdf
13562316,1970-01-01 00:00:00.287397392,17.78279410038923,3.0,5.128691243473275,0.0313328551295991,voyager1,vg1_pws_wf_1979-02-09T08_v1.0.cdf
13553118,1970-01-01 00:00:00.287397381,17.78279410038923,3.0,5.128690416231748,0.0313328550544841,voyager1,vg1_pws_wf_1979-02-09T08_v1.0.cdf
13544632,1970-01-01 00:00:00.287397371,17.78279410038923,3.0,5.128689731172488,0.0313328549922794,voyager1,vg1_pws_wf_1979-02-09T08_v1.0.cdf
13540257,1970-01-01 00:00:00.287397366,17.78279410038923,3.0,5.128689369254349,0.0313328549594166,voyager1,vg1_pws_wf_1979-02-09T08_v1.0.cdf
13539153,1970-01-01 00:00:00.287397365,17.78279410038923,3.0,5.128689265849168,0.0313328549500272,voyager1,vg1_pws_wf_1979-02-09T08_v1.0.cdf
13538805,1970-01-01 00:00:00.287397364,17.78279410038923,3.0,5.128689239997803,0.0313328549476799,voyager1,vg1_pws_wf_1979-02-09T08_v1.0.cdf
13531935,1970-01-01 00:00:00.287397358,17.78279410038923,3.0,5.128688761748907,0.031332854904254,voyager1,vg1_pws_wf_1979-02-09T08_v1.0.cdf
13529121,1970-01-01 00:00:00.287397354,17.78279410038923,3.0,5.128688529087246,0.0313328548831279,voyager1,vg1_pws_wf_1979-02-09T08_v1.0.cdf
13528114,1970-01-01 00:00:00.287397354,17.78279410038923,3.0,5.128688490310234,0.0313328548796068,voyager1,vg1_pws_wf_1979-02-09T08_v1.0.cdf
13508970,1970-01-01 00:00:00.287390276,17.78279410038923,3.0,5.128180206303063,0.0313328087270453,voyager1,vg1_pws_wf_1979-02-09T06_v1.0.cdf
13487788,1970-01-01 00:00:00.287390249,17.78279410038923,3.0,5.128178319158562,0.0313328085556933,voyager1,vg1_pws_wf_1979-02-09T06_v1.0.cdf
13469972,1970-01-01 00:00:00.287390228,17.78279410038923,3.0,5.128176759463663,0.0313328084140736,voyager1,vg1_pws_wf_1979-02-09T06_v1.0.cdf
13445142,1970-01-01 00:00:00.287390201,17.78279410038923,3.0,5.128174833542149,0.0313328082392007,voyager1,vg1_pws_wf_1979-02-09T06_v1.0.cdf
13430087,1970-01-01 00:00:00.287361673,17.78279410038923,3.0,5.126126290213239,0.0313326222413738,voyager1,vg1_pws_wf_1979-02-08T22_v1.0.cdf
13410956,1970-01-01 00:00:00.287361652,17.78279410038923,3.0,5.126124739135435,0.0313326221005503,voyager1,vg1_pws_wf_1979-02-08T22_v1.0.cdf
13376032,1970-01-01 00:00:00.287361613,17.78279410038923,3.0,5.1261219773554405,0.0313326218498064,voyager1,vg1_pws_wf_1979-02-08T22_v1.0.cdf
13369099,1970-01-01 00:00:00.287361604,17.78279410038923,3.0,5.126121292296035,0.0313326217876093,voyager1,vg1_pws_wf_1979-02-08T22_v1.0.cdf
13363213,1970-01-01 00:00:00.287361596,17.78279410038923,3.0,5.126120749418902,0.0313326217383211,voyager1,vg1_pws_wf_1979-02-08T22_v1.0.cdf
13357410,1970-01-01 00:00:00.287361591,17.78279410038923,3.0,5.126120361649472,0.0313326217031153,voyager1,vg1_pws_wf_1979-02-08T22_v1.0.cdf
13310871,1970-01-01 00:00:00.287354465,17.78279410038923,3.0,5.125608727745223,0.0313325752520866,voyager1,vg1_pws_wf_1979-02-08T20_v1.0.cdf
13306028,1970-01-01 00:00:00.287354461,17.78279410038923,3.0,5.125608359364301,0.0313325752186419,voyager1,vg1_pws_wf_1979-02-08T20_v1.0.cdf
13249066,1970-01-01 00:00:00.287347341,17.78279410038923,3.0,5.12509710245815,0.0313325288029762,voyager1,vg1_pws_wf_1979-02-08T18_v1.0.cdf
13243696,1970-01-01 00:00:00.287347337,17.78279410038923,3.0,5.125096856870841,0.0313325287806802,voyager1,vg1_pws_wf_1979-02-08T18_v1.0.cdf
13241121,1970-01-01 00:00:00.287347335,17.78279410038923,3.0,5.125096727614363,0.0313325287689455,voyager1,vg1_pws_wf_1979-02-08T18_v1.0.cdf
13238929,1970-01-01 00:00:00.287347333,17.78279410038923,3.0,5.125096507878351,0.0313325287489965,voyager1,vg1_pws_wf_1979-02-08T18_v1.0.cdf
13229543,1970-01-01 00:00:00.287347323,17.78279410038923,3.0,5.125095814201852,0.0313325286860202,voyager1,vg1_pws_wf_1979-02-08T18_v1.0.cdf
13228628,1970-01-01 00:00:00.287347322,17.78279410038923,3.0,5.125095736647966,0.0313325286789794,voyager1,vg1_pws_wf_1979-02-08T18_v1.0.cdf
13214387,1970-01-01 00:00:00.287347309,17.78279410038923,3.0,5.125094818926974,0.031332528595663,voyager1,vg1_pws_wf_1979-02-08T18_v1.0.cdf
13212172,1970-01-01 00:00:00.287347306,17.78279410038923,3.0,5.125094625042259,0.0313325285780609,voyager1,vg1_pws_wf_1979-02-08T18_v1.0.cdf
13209387,1970-01-01 00:00:00.287347303,17.78279410038923,3.0,5.125094353603654,0.031332528553418,voyager1,vg1_pws_wf_1979-02-08T18_v1.0.cdf
13207852,1970-01-01 00:00:00.287347300,17.78279410038923,3.0,5.125094198495883,0.0313325285393364,voyager1,vg1_pws_wf_1979-02-08T18_v1.0.cdf
13161314,1970-01-01 00:00:00.287333189,17.78279410038923,3.0,5.124080866202101,0.0313324365449358,voyager1,vg1_pws_wf_1979-02-08T14_v1.0.cdf
13148987,1970-01-01 00:00:00.287333175,17.78279410038923,3.0,5.124079858001507,0.0313324364534095,voyager1,vg1_pws_wf_1979-02-08T14_v1.0.cdf
13139104,1970-01-01 00:00:00.287333162,17.78279410038923,3.0,5.12407893166342,0.0313324363693148,voyager1,vg1_pws_wf_1979-02-08T14_v1.0.cdf
13118568,1970-01-01 00:00:00.287333139,17.78279410038923,3.0,5.124077303031803,0.0313324362214646,voyager1,vg1_pws_wf_1979-02-08T14_v1.0.cdf
13114727,1970-01-01 00:00:00.287333134,17.78279410038923,3.0,5.124076915262368,0.0313324361862622,voyager1,vg1_pws_wf_1979-02-08T14_v1.0.cdf
12996535,1970-01-01 00:00:00.287318907,17.78279410038923,3.0,5.123055258923247,0.0313323434406997,voyager1,vg1_pws_wf_1979-02-08T10_v1.0.cdf
12988110,1970-01-01 00:00:00.287318898,17.78279410038923,3.0,5.123054625566509,0.0313323433832053,voyager1,vg1_pws_wf_1979-02-08T10_v1.0.cdf
12980627,1970-01-01 00:00:00.287318890,17.78279410038923,3.0,5.123054056837938,0.0313323433315776,voyager1,vg1_pws_wf_1979-02-08T10_v1.0.cdf
12964758,1970-01-01 00:00:00.287318872,17.78279410038923,3.0,5.123052777198811,0.0313323432154153,voyager1,vg1_pws_wf_1979-02-08T10_v1.0.cdf
12958819,1970-01-01 00:00:00.287318864,17.78279410038923,3.0,5.12305219985321,0.0313323431630054,voyager1,vg1_pws_wf_1979-02-08T10_v1.0.cdf
12951012,1970-01-01 00:00:00.287318853,17.78279410038923,3.0,5.123051411388696,0.0313323430914306,voyager1,vg1_pws_wf_1979-02-08T10_v1.0.cdf
12947604,1970-01-01 00:00:00.287318849,17.78279410038923,3.0,5.123051101173223,0.0313323430632701,voyager1,vg1_pws_wf_1979-02-08T10_v1.0.cdf
12923366,1970-01-01 00:00:00.287318821,17.78279410038923,3.0,5.123049097697751,0.0313323428813998,voyager1,vg1_pws_wf_1979-02-08T10_v1.0.cdf
12909049,1970-01-01 00:00:00.287311750,17.78279410038923,3.0,5.122541356567786,0.0313322967905572,voyager1,vg1_pws_wf_1979-02-08T08_v1.0.cdf
12895519,1970-01-01 00:00:00.287311734,17.78279410038923,3.0,5.122540193259489,0.0313322966849577,voyager1,vg1_pws_wf_1979-02-08T08_v1.0.cdf
12877791,1970-01-01 00:00:00.287311715,17.78279410038923,3.0,5.122538857609225,0.0313322965637139,voyager1,vg1_pws_wf_1979-02-08T08_v1.0.cdf
12865123,1970-01-01 00:00:00.287311700,17.78279410038923,3.0,5.122537728769319,0.0313322964612432,voyager1,vg1_pws_wf_1979-02-08T08_v1.0.cdf
12855047,1970-01-01 00:00:00.287311690,17.78279410038923,3.0,5.122537030784339,0.0313322963978836,voyager1,vg1_pws_wf_1979-02-08T08_v1.0.cdf
12848921,1970-01-01 00:00:00.287311683,17.78279410038923,3.0,5.12253651375843,0.0313322963509504,voyager1,vg1_pws_wf_1979-02-08T08_v1.0.cdf
12828521,1970-01-01 00:00:00.287304603,17.78279410038923,3.0,5.122028113420502,0.0313322502013989,voyager1,vg1_pws_wf_1979-02-08T06_v1.0.cdf
12803627,1970-01-01 00:00:00.287304572,17.78279410038923,3.0,5.122025928986036,0.0313322500031114,voyager1,vg1_pws_wf_1979-02-08T06_v1.0.cdf
12797662,1970-01-01 00:00:00.287304566,17.78279410038923,3.0,5.12202550243966,0.0313322499643925,voyager1,vg1_pws_wf_1979-02-08T06_v1.0.cdf
12789097,1970-01-01 00:00:00.287304553,17.78279410038923,3.0,5.122024537324555,0.0313322498767862,voyager1,vg1_pws_wf_1979-02-08T06_v1.0.cdf
12768531,1970-01-01 00:00:00.287304527,17.78279410038923,3.0,5.122022637254406,0.0313322497043113,voyager1,vg1_pws_wf_1979-02-08T06_v1.0.cdf
12760067,1970-01-01 00:00:00.287304516,17.78279410038923,3.0,5.1220219134180605,0.0313322496386066,voyager1,vg1_pws_wf_1979-02-08T06_v1.0.cdf
12748831,1970-01-01 00:00:00.287297445,17.78279410038923,3.0,5.121514094806091,0.031332203542994,voyager1,vg1_pws_wf_1979-02-08T04_v1.0.cdf
12727492,1970-01-01 00:00:00.287297418,17.78279410038923,3.0,5.121512162421755,0.0313322033675901,voyager1,vg1_pws_wf_1979-02-08T04_v1.0.cdf
12716673,1970-01-01 00:00:00.287297404,17.78279410038923,3.0,5.121511203769472,0.0313322032805726,voyager1,vg1_pws_wf_1979-02-08T04_v1.0.cdf
12679032,1970-01-01 00:00:00.287290302,17.78279410038923,3.0,5.121001200651156,0.031332156987801,voyager1,vg1_pws_wf_1979-02-08T02_v1.0.cdf
12676181,1970-01-01 00:00:00.287290299,17.78279410038923,3.0,5.121000980915144,0.0313321569678559,voyager1,vg1_pws_wf_1979-02-08T02_v1.0.cdf
12645814,1970-01-01 00:00:00.287290274,17.78279410038923,3.0,5.120999158398812,0.0313321568024288,voyager1,vg1_pws_wf_1979-02-08T02_v1.0.cdf
12641023,1970-01-01 00:00:00.287290268,17.78279410038923,3.0,5.120998757703801,0.0313321567660584,voyager1,vg1_pws_wf_1979-02-08T02_v1.0.cdf
12620352,1970-01-01 00:00:00.287290246,17.78279410038923,3.0,5.120997198008971,0.0313321566244873,voyager1,vg1_pws_wf_1979-02-08T02_v1.0.cdf
12609229,1970-01-01 00:00:00.287290240,17.78279410038923,3.0,5.120996758536879,0.0313321565845971,voyager1,vg1_pws_wf_1979-02-08T02_v1.0.cdf
12602251,1970-01-01 00:00:00.287290235,17.78279410038923,3.0,5.120996370767448,0.0313321565493998,voyager1,vg1_pws_wf_1979-02-08T02_v1.0.cdf
12579397,1970-01-01 00:00:00.287283151,17.78279410038923,3.0,5.120487647288327,0.0313321103739156,voyager1,vg1_pws_wf_1979-02-08T00_v1.0.cdf
12554055,1970-01-01 00:00:00.287283116,17.78279410038923,3.0,5.120485197878009,0.0313321101515918,voyager1,vg1_pws_wf_1979-02-08T00_v1.0.cdf
12548832,1970-01-01 00:00:00.287283113,17.78279410038923,3.0,5.120484958753522,0.0313321101298874,voyager1,vg1_pws_wf_1979-02-08T00_v1.0.cdf
12548114,1970-01-01 00:00:00.287283112,17.78279410038923,3.0,5.120484881199636,0.0313321101228481,voyager1,vg1_pws_wf_1979-02-08T00_v1.0.cdf
12528107,1970-01-01 00:00:00.287283089,17.78279410038923,3.0,5.1204832633394295,0.031332109976001,voyager1,vg1_pws_wf_1979-02-08T00_v1.0.cdf
12512162,1970-01-01 00:00:00.287283067,17.78279410038923,3.0,5.120481679947541,0.0313321098322825,voyager1,vg1_pws_wf_1979-02-08T00_v1.0.cdf
12508154,1970-01-01 00:00:00.287283065,17.78279410038923,3.0,5.120481524839771,0.031332109818204,voyager1,vg1_pws_wf_1979-02-08T00_v1.0.cdf
