date,spacecraft,context,kind,center_freq_hz,bandwidth_hz,duration_s,amplitude,distance_au,source
1979-08-13 18:11:08.529999970+00:00,unknown,solar-wind cruise,burst,0.0035807291666666,0.01025390625,48.0,8016.82812,,hg-48s.tab
1979-08-13 18:11:08.529999970+00:00,unknown,solar-wind cruise,burst,0.0035807291666666,0.01025390625,48.0,8016.82812,,HG_48S.TAB
1979-08-13 18:11:08.529999970+00:00,unknown,solar-wind cruise,burst,0.0035807291666666,0.01025390625,48.0,8016.82812,,hg-48s.tab
1979-08-13 18:11:08.529999970+00:00,unknown,solar-wind cruise,burst,0.0035807291666666,0.01025390625,48.0,8016.82812,,hg-48s2.csv
1979-08-13 18:11:08.529999970+00:00,unknown,solar-wind cruise,dc_shift,0.0,0.0,48.0,8016.068274922,,hg-48s.tab
1979-08-13 18:11:08.529999970+00:00,unknown,solar-wind cruise,dc_shift,0.0,0.0,48.0,8016.068274922,,hg-48s2.csv
1979-08-13 18:11:08.529999970+00:00,unknown,solar-wind cruise,dc_shift,0.0,0.0,48.0,8016.068274922,,hg-48s.tab
1979-08-13 18:11:08.529999970+00:00,unknown,solar-wind cruise,dc_shift,0.0,0.0,48.0,8016.068274922,,HG_48S.TAB
1979-08-15 14:19:08.394999981+00:00,unknown,solar-wind cruise,burst,0.0008138020833333,0.01025390625,48.0,7511.78125,,hg-48s.tab
1979-08-15 14:19:08.394999981+00:00,unknown,solar-wind cruise,burst,0.0008138020833333,0.01025390625,48.0,7511.78125,,HG_48S.TAB
1979-08-15 14:19:08.394999981+00:00,unknown,solar-wind cruise,burst,0.0008138020833333,0.01025390625,48.0,7511.78125,,hg-48s.tab
1979-08-15 14:19:08.394999981+00:00,unknown,solar-wind cruise,burst,0.0008138020833333,0.01025390625,48.0,7511.78125,,hg-48s2.csv
1979-08-15 14:19:08.394999981+00:00,unknown,solar-wind cruise,dc_shift,0.0,0.0,143.9990000128746,7510.984389424,,hg-48s.tab
1979-08-15 14:19:08.394999981+00:00,unknown,solar-wind cruise,dc_shift,0.0,0.0,143.9990000128746,7510.984389424,,hg-48s.tab
1979-08-15 14:19:08.394999981+00:00,unknown,solar-wind cruise,dc_shift,0.0,0.0,143.9990000128746,7510.984389424,,hg-48s2.csv
1979-08-15 14:19:08.394999981+00:00,unknown,solar-wind cruise,dc_shift,0.0,0.0,143.9990000128746,7510.984389424,,HG_48S.TAB
1979-08-13 16:03:08.537000+00:00,unknown,solar-wind cruise,burst,0.00244140625,0.01025390625,48.0,5723.93359,,hg-48s2.csv
1979-08-13 16:03:08.537000+00:00,unknown,solar-wind cruise,burst,0.00244140625,0.01025390625,48.0,5723.93359,,HG_48S.TAB
1979-08-13 16:03:08.537000+00:00,unknown,solar-wind cruise,burst,0.00244140625,0.01025390625,48.0,5723.93359,,hg-48s.tab
1979-08-13 16:03:08.537000+00:00,unknown,solar-wind cruise,burst,0.00244140625,0.01025390625,48.0,5723.93359,,hg-48s.tab
1979-08-13 16:02:20.537000+00:00,unknown,solar-wind cruise,dc_shift,0.0,0.0,144.0,5721.26879126,,hg-48s2.csv
1979-08-13 16:02:20.537000+00:00,unknown,solar-wind cruise,dc_shift,0.0,0.0,144.0,5721.26879126,,hg-48s.tab
1979-08-13 16:02:20.537000+00:00,unknown,solar-wind cruise,dc_shift,0.0,0.0,144.0,5721.26879126,,hg-48s.tab
1979-08-13 16:02:20.537000+00:00,unknown,solar-wind cruise,dc_shift,0.0,0.0,144.0,5721.26879126,,HG_48S.TAB
1979-08-16 04:11:08.351999998+00:00,unknown,solar-wind cruise,burst,0.0008138020833333,0.01025390625,48.0,4552.85156,,HG_48S.TAB
1979-08-16 04:11:08.351999998+00:00,unknown,solar-wind cruise,burst,0.0008138020833333,0.01025390625,48.0,4552.85156,,hg-48s.tab
1979-08-16 04:11:08.351999998+00:00,unknown,solar-wind cruise,burst,0.0008138020833333,0.01025390625,48.0,4552.85156,,hg-48s2.csv
1979-08-16 04:11:08.351999998+00:00,unknown,solar-wind cruise,burst,0.0008138020833333,0.01025390625,48.0,4552.85156,,hg-48s.tab
1979-08-16 04:11:08.351999998+00:00,unknown,solar-wind cruise,dc_shift,0.0,0.0,48.0,4550.30988539,,HG_48S.TAB
1979-08-16 04:11:08.351999998+00:00,unknown,solar-wind cruise,dc_shift,0.0,0.0,48.0,4550.30988539,,hg-48s2.csv
1979-08-16 04:11:08.351999998+00:00,unknown,solar-wind cruise,dc_shift,0.0,0.0,48.0,4550.30988539,,hg-48s.tab
1979-08-16 04:11:08.351999998+00:00,unknown,solar-wind cruise,dc_shift,0.0,0.0,48.0,4550.30988539,,hg-48s.tab
1979-03-05 01:02:11.925000012+00:00,unknown,solar-wind cruise,burst,5.009216959204937e-06,1.0018433918409872e-05,40035.907000005245,3327.631,,s3-48s3.csv
1979-03-05 12:11:03.873000026+00:00,unknown,solar-wind cruise,burst,5.235821395660552e-06,1.0471642791321105e-05,40180.11999994517,3319.394,,s3-48s3.csv
1979-03-05 12:10:15.851999998+00:00,unknown,solar-wind cruise,dc_shift,0.0,0.0,48.02100002765656,3312.928,,s3-48s3.csv
1979-08-13 17:43:08.532000005+00:00,unknown,solar-wind cruise,oscillation,0.0086206896551724,0.0001306165099268,3263.996999979019,1417.0496082233385,,HG_48S.TAB
1979-08-13 17:43:08.532000005+00:00,unknown,solar-wind cruise,oscillation,0.0086206896551724,0.0001306165099268,3263.996999979019,1417.0496082233385,,hg-48s.tab
1979-08-13 17:43:08.532000005+00:00,unknown,solar-wind cruise,oscillation,0.0086206896551724,0.0001306165099268,3263.996999979019,1417.0496082233385,,hg-48s.tab
1979-08-13 17:43:08.532000005+00:00,unknown,solar-wind cruise,oscillation,0.0086206896551724,0.0001306165099268,3263.996999979019,1417.0496082233385,,hg-48s2.csv
1979-08-15 13:54:20.396000028+00:00,unknown,solar-wind cruise,oscillation,0.0001306165099268,0.0103187042842215,3023.996999979019,1327.7598692688334,,hg-48s.tab
1979-08-15 13:54:20.396000028+00:00,unknown,solar-wind cruise,oscillation,0.0001306165099268,0.0103187042842215,3023.996999979019,1327.7598692688334,,hg-48s2.csv
1979-08-15 13:54:20.396000028+00:00,unknown,solar-wind cruise,oscillation,0.0001306165099268,0.0103187042842215,3023.996999979019,1327.7598692688334,,HG_48S.TAB
1979-08-15 13:54:20.396000028+00:00,unknown,solar-wind cruise,oscillation,0.0001306165099268,0.0103187042842215,3023.996999979019,1327.7598692688334,,hg-48s.tab
1979-08-16 14:47:08.319000006+00:00,unknown,solar-wind cruise,burst,0.0003255208333333,0.01025390625,48.0,1198.87109,,hg-48s.tab
1979-08-16 14:47:08.319000006+00:00,unknown,solar-wind cruise,burst,0.0003255208333333,0.01025390625,48.0,1198.87109,,hg-48s.tab
1979-08-16 14:47:08.319000006+00:00,unknown,solar-wind cruise,burst,0.0003255208333333,0.01025390625,48.0,1198.87109,,hg-48s2.csv
1979-08-16 14:47:08.319000006+00:00,unknown,solar-wind cruise,burst,0.0003255208333333,0.01025390625,48.0,1198.87109,,HG_48S.TAB
1979-08-16 14:44:44.319000006+00:00,unknown,solar-wind cruise,dc_shift,0.0,0.0,192.0,1196.26662738,,hg-48s2.csv
1979-08-16 14:44:44.319000006+00:00,unknown,solar-wind cruise,dc_shift,0.0,0.0,192.0,1196.26662738,,hg-48s.tab
1979-08-16 14:44:44.319000006+00:00,unknown,solar-wind cruise,dc_shift,0.0,0.0,192.0,1196.26662738,,hg-48s.tab
